{
  "$schema": "https://schema.management.azure.com/schemas/2019-04-01/deploymentTemplate.json#",
  "contentVersion": "1.0.0.0",
  "parameters": {
    "connections_aci_name": {
      "defaultValue": "aci",
      "type": "String"
    },
    "connection_name": {
      "defaultValue": "la-container-instance-connection",
      "type": "securestring"
    },
    "user_identity": {
      "type": "string"
    }
  },
  "variables": {},
  "resources": [
    {
      "type": "Microsoft.Web/connections",
      "apiVersion": "2016-06-01",
      "name": "[parameters('connections_aci_name')]",
      "location": "westeurope",
      "kind": "V1",
      "properties": {
        "displayName": "[parameters('connection_name')]",
        "statuses": [],
        "authenticatedUser": {},
        "customParameterValues": {},
        "parameterValues": {},
        "parameterValueType": "Alternative",
        "api": {
          "name": "[parameters('connections_aci_name')]",
          "displayName": "Azure Container Instance",
          "description": "Easily run containers on Azure with a single command. Create container groups, get the logs of a container and more.",
          "iconUri": "[concat('https://connectoricons-prod.azureedge.net/releases/v1.0.1479/1.0.1479.2452/', parameters('connections_aci_name'), '/icon.png')]",
          "brandColor": "#0089D0",
          "id": "[concat('/subscriptions/fca564c9-6b4e-4ece-87db-49cba4e01a9f/providers/Microsoft.Web/locations/westeurope/managedApis/', parameters('connections_aci_name'))]",
          "type": "Microsoft.Web/locations/managedApis"
        },
        "testLinks": [],
        "testRequests": []
      }
    }
  ]
}
