
{
  "$schema": "https://schema.management.azure.com/schemas/2019-04-01/deploymentTemplate.json#",
  "contentVersion": "1.0.0.0",
  "parameters": {
    "logic_app_name": {"type": "string"},
    "logic_app_location": {"type": "string"},
    "cli_script": {"type": "string"},
    "container_name": {"type": "string"},
    "container_groups_id": {"type": "string"},
    "container_cpu": {"type": "string"},
    "container_memory": {"type": "string"},
    "container_restartPolicy": {"type": "string"},
    "container_osType": {"type": "string"},
    "connections_aci_connectionId": {"type": "string"},
    "user_managed_identity": {"type": "string"},
    "aci_api_id" : {"type": "string"},
    "cli_schedule_timezone" : {"type": "string"},
    "cli_schedule_interval" : { "type": "string" },
    "cli_schedule_frequency" : { "type": "string" },
    "cli_schedule_hours" : { "type": "array" },
    "cli_schedule_minutes" : { "type": "array" },
    "diagnostics_settings" : { "type":  "object" }
  },
  "variables": {},
  "resources": [
    {
      "type": "Microsoft.Logic/workflows",
      "apiVersion": "2017-07-01",
      "name": "[parameters('logic_app_name')]",
      "location": "[parameters('logic_app_location')]",
      "identity": {
        "type": "UserAssigned",
        "userAssignedIdentities": {
          "[parameters('user_managed_identity')]": {}
        }
      },
      "tags": {},
      "properties": {
        "state": "Enabled",
        "definition": {
          "$schema": "https://schema.management.azure.com/providers/Microsoft.Logic/schemas/2016-06-01/workflowdefinition.json#",
          "contentVersion": "1.0.0.0",
          "parameters": {
            "$connections": {
              "defaultValue": {},
              "type": "Object"
            },
            "script": {
              "type": "string"
            },
            "identity": {
              "type": "string"
            }
          },
          "triggers": {
            "Recurrence": {
              "recurrence": {
                "frequency": "[parameters('cli_schedule_frequency')]",
                "interval": "[parameters('cli_schedule_interval')]",
                "schedule": {
                  "hours": "[parameters('cli_schedule_hours')]",
                  "minutes": "[parameters('cli_schedule_minutes')]"
                },
                "timeZone": "[parameters('cli_schedule_timezone')]"
              },
              "type": "Recurrence"
            }
          },
          "actions": {
            "Create_or_update_a_container_group": {
              "runAfter": {},
              "type": "ApiConnection",
              "inputs": {
                "body": {
                  "identity": {
                    "type": "UserAssigned",
                    "userAssignedIdentities": {
                      "[parameters('user_managed_identity')]": {}
                    }
                  },
                  "location": "[parameters('logic_app_location')]",
                  "properties": {
                    "containers": [
                      {
                        "name": "[parameters('container_name')]",
                        "properties": {
                          "command": [
                            "/bin/sh",
                            "-c",
                            "az login --identity\n\n@{parameters('script')}"
                          ],
                          "image": "mcr.microsoft.com/azure-cli:latest",
                          "resources": {
                            "requests": {
                              "cpu": "[parameters('container_cpu')]",
                              "memoryInGB": "[parameters('container_memory')]"
                            }
                          }
                        }
                      }
                    ],
                    "diagnostics": "[parameters('diagnostics_settings')]",
                    "osType": "[parameters('container_osType')]",
                    "restartPolicy": "[parameters('container_restartPolicy')]",
                    "sku": "Standard"
                  }
                },
                "host": {
                  "connection": {
                    "name": "@parameters('$connections')['aci']['connectionId']"
                  }
                },
                "method": "put",
                "path": "[parameters('container_groups_id')]",
                "queries": {
                  "x-ms-api-version": "2019-12-01"
                }
              }
            }
          },
          "outputs": {}
        },
        "parameters": {
          "identity": {
            "value": "[parameters('user_managed_identity')]"
          },
          "script": {
            "value": "[parameters('cli_script')]"
          },
          "$connections": {
            "value": {
              "aci": {
                "connectionId": "[parameters('connections_aci_connectionId')]",
                "connectionName": "aci",
                "connectionProperties": {
                  "authentication": {
                    "identity": "[parameters('user_managed_identity')]",
                    "type": "ManagedServiceIdentity"
                  }
                },
                "id": "[parameters('aci_api_id')]"
              }
            }
          }
        }
      }
    }
  ]
}
