{
  "schemaId": "azureMonitorCommonAlertSchema",
  "data": {
    "essentials": {
      "alertId": "/subscriptions/fca564c9-6b4e-4ece-87db-49cba4e01a9f/providers/Microsoft.AlertsManagement/alerts/a33d4486-0b28-469c-8080-aa059af8cf45",
      "alertRule": "A-schoeffm-activitylogalert-2022-02-26-05-05-21_UTC",
      "severity": "Sev4",
      "signalType": "Activity Log",
      "monitorCondition": "Fired",
      "monitoringService": "Activity Log - Administrative",
      "alertTargetIDs": [
        "/subscriptions/fca564c9-6b4e-4ece-87db-49cba4e01a9f/resourcegroups/rg-schoeffm-common/providers/microsoft.storage/storageaccounts/staschoeffm"
      ],
      "configurationItems": [
        "staschoeffm"
      ],
      "originAlertId": "9592cb9f-0956-4fc4-9c34-980d3c75148f_ef0cf2c76d852521baa8171515522df7",
      "firedDateTime": "2022-02-26T17:13:19.5724662Z",
      "description": "A-schoeffm-activitylogalert - StorageAccount 'staschoeffm' - keys have been regenerated.",
      "essentialsVersion": "1.0",
      "alertContextVersion": "1.0"
    },
    "alertContext": {
      "authorization": {
        "action": "Microsoft.Storage/storageAccounts/regenerateKey/action",
        "scope": "/subscriptions/fca564c9-6b4e-4ece-87db-49cba4e01a9f/resourceGroups/rg-schoeffm-common/providers/Microsoft.Storage/storageAccounts/staschoeffm"
      },
      "channels": "Operation",
      "claims": "{\"aud\":\"https://management.core.windows.net/\",\"iss\":\"https://sts.windows.net/ce849bab-cc1c-465b-b62e-18f07c9ac198/\",\"iat\":\"1645895177\",\"nbf\":\"1645895177\",\"exp\":\"1645899544\",\"http://schemas.microsoft.com/claims/authnclassreference\":\"1\",\"aio\":\"AVQAq/8TAAAAffx1P7uGs52I46hSa3YVqT1Z7W2cUoSAs50lcqslqjJHeM1gGKubXgfgtFbmulwBVe/OMRw4ph2TJkQAs5d/hozaC0jwkHvTE/utw4qWbs8=\",\"http://schemas.microsoft.com/claims/authnmethodsreferences\":\"pwd,mfa\",\"appid\":\"c44b4083-3bb0-49c1-b47d-974e53cbdf3c\",\"appidacr\":\"2\",\"http://schemas.xmlsoap.org/ws/2005/05/identity/claims/surname\":\"Schoeffmann\",\"http://schemas.xmlsoap.org/ws/2005/05/identity/claims/givenname\":\"Stefan\",\"groups\":\"0485e0e1-a3a1-4395-a55f-896d8ed07363,f8101f98-ff18-477f-9441-915f85e9f1d6,9c05dbe1-11a9-47c8-ac92-e2f4a7f7bde0,16f8f8fa-8e18-4439-9c15-3e83b80db977,df807955-f873-4ff0-9e3f-756b8d275ebd,3ce036da-9303-4f8f-b1ef-8da6ffc65f42,19ce6c6b-4b87-4499-8be7-2c70b959673d,bae90d11-492b-4cb9-982b-c79010282a8e,7163efbb-6b5b-45c2-9b12-87d4a5f6ce21,79eb22f2-3a56-4b87-820d-48b4035d4fa3,751cbf02-43e6-454c-9fc1-459ffb90c658,a93bd0b4-8abb-4b32-bb37-f79b7b5b0abe\",\"ipaddr\":\"188.194.44.153\",\"name\":\"Schoeffmann Stefan, FG-42\",\"http://schemas.microsoft.com/identity/claims/objectidentifier\":\"286d629d-1fc4-421d-89c6-22351cc184ad\",\"onprem_sid\":\"S-1-5-21-43206524-2104247658-1151357142-3250768\",\"puid\":\"1003BFFDACE5A503\",\"rh\":\"0.ARAAq5uEzhzMW0a2LhjwfJrBmEZIf3kAutdPukPawfj2MBMQAII.\",\"http://schemas.microsoft.com/identity/claims/scope\":\"user_impersonation\",\"http://schemas.xmlsoap.org/ws/2005/05/identity/claims/nameidentifier\":\"OThWRu3fHR7WVNpcXuLbEATxHPm7U4y1oMLRrCG2mRo\",\"http://schemas.microsoft.com/identity/claims/tenantid\":\"ce849bab-cc1c-465b-b62e-18f07c9ac198\",\"http://schemas.xmlsoap.org/ws/2005/05/identity/claims/name\":\"Stefan.Schoeffmann@bmw.de\",\"http://schemas.xmlsoap.org/ws/2005/05/identity/claims/upn\":\"Stefan.Schoeffmann@bmw.de\",\"uti\":\"pLCtkh7K0Eu4I4zENxsdAA\",\"ver\":\"1.0\",\"xms_tcdt\":\"1444302681\"}",
      "caller": "Stefan.Schoeffmann@bmw.de",
      "correlationId": "856744d1-064b-439c-a840-24815d05cad9",
      "eventSource": "Administrative",
      "eventTimestamp": "2022-02-26T17:11:38.5581275+00:00",
      "httpRequest": "{\"clientRequestId\":\"fe851074-c2d3-455a-b3c8-ac6ea3e7c00c\",\"clientIpAddress\":\"188.194.44.153\",\"method\":\"POST\"}",
      "eventDataId": "9592cb9f-0956-4fc4-9c34-980d3c75148f",
      "level": "Informational",
      "operationName": "Microsoft.Storage/storageAccounts/regenerateKey/action",
      "operationId": "856744d1-064b-439c-a840-24815d05cad9",
      "properties": {
        "statusCode": "OK",
        "serviceRequestId": "943c4922-dae1-4f91-a603-540dee2af96f",
        "eventCategory": "Administrative",
        "entity": "/subscriptions/fca564c9-6b4e-4ece-87db-49cba4e01a9f/resourceGroups/rg-schoeffm-common/providers/Microsoft.Storage/storageAccounts/staschoeffm",
        "message": "Microsoft.Storage/storageAccounts/regenerateKey/action",
        "hierarchy": "ce849bab-cc1c-465b-b62e-18f07c9ac198/fpc/fpc-bmwgroup/fca564c9-6b4e-4ece-87db-49cba4e01a9f"
      },
      "status": "Succeeded",
      "subStatus": "OK",
      "submissionTimestamp": "2022-02-26T17:13:16.1403483+00:00",
      "Activity Log Event Description": ""
    },
    "customProperties": null
  }
}
