{
  "schemaId": "azureMonitorCommonAlertSchema",
  "data": {
    "essentials": {
      "alertId": "/subscriptions/e926b31e-c0de-45a7-888b-94061ee34579/providers/Microsoft.AlertsManagement/alerts/102239af-035a-8c8d-524d-25e1d5b3d5f4",
      "alertRule": "LogEntry-queryrulesalert-2021-10-07-12-46-11_UTC",
      "severity": "Sev1",
      "signalType": "Log",
      "monitorCondition": "Fired",
      "monitoringService": "Log Analytics",
      "alertTargetIDs": [
        "/subscriptions/e926b31e-c0de-45a7-888b-94061ee34579/resourcegroups/rg-psbomhub-stage-int/providers/microsoft.operationalinsights/workspaces/log-psbomhub-int-4f3fd49df5a0e379d863"
      ],
      "configurationItems": [],
      "originAlertId": "087ebce8-d754-4209-b514-6284fa8fb9da",
      "firedDateTime": "2021-10-19T13:22:12.4970136Z",
      "description": "",
      "essentialsVersion": "1.0",
      "alertContextVersion": "1.1"
    },
    "alertContext": {
      "SearchQuery": "let PodList=dynamic([\"infrastructure-reverse-proxy\", \"infrastructure-solr\", \"infrastructure-zookeeper\",\n                     \"iqs-datafreshness-v5\", \"iqs-server-v10\", \"iqs-server-v11\", \"iqs-version-v5\",\n                     \"loader-control-jenkins\", \"loader-disporelevance-blacklist\", \"loader-ifd\", \"loader-les\",\n                     \"loader-lterm-dating\", \"loader-lterm-ilevel\", \"loader-mstais\", \"loader-mstais-squsi\",\n                     \"loader-psdh\", \"loader-sap-plant\", \"loader-tais\", \"loader-uis\", \"structure-data-importer\",\n                     \"ui\", \"ui-b4f\", \"ui-comparison\", \"ui-user-preferences\", \"zak-service-v1\"\n                    ]);\nlet SeverityList=dynamic([\"SEVERE\", \"ERROR\", \"FATAL\"]);\nlet Environment=dynamic([\"int2\", \"prod\"]);\nlet TimeInterval=ago(5m);\nContainerLog\n| extend LogEntry=parse_json(LogEntry)\n      | extend LogEntryDate=todatetime(LogEntry[\"@timestamp\"])\n      | extend LogLevel=dynamic_to_json(LogEntry.level)\n      | extend LogMessage=case(\n          isnotempty(LogEntry.log_message), LogEntry.log_message,\n          isnotempty(LogEntry.throwable), LogEntry.throwable,\n          \"No log entry stored\"\n          )\n| extend ServiceName=split(Name, '/')[1]\n| extend ImageTag=split(Image, ':')[1]\n| extend Tags=split(ImageTag, '-')\n| extend Env=Tags[0]\n| extend Version=strcat_array(array_slice(Tags, 1, -1), '-')\n| where LogLevel has_any (SeverityList) and ServiceName has_any (PodList) and Env has_any (Environment) and TimeGenerated > TimeInterval\n| project LogEntryDate, LogLevel, ServiceName, Env, Version, LogMessage\n| order by LogEntryDate asc\n",
      "SearchIntervalStartTimeUtc": "2021-10-19T13:16:37Z",
      "SearchIntervalEndtimeUtc": "2021-10-19T13:21:37Z",
      "ResultCount": 372,
      "LinkToSearchResults": "https://portal.azure.com#@ce849bab-cc1c-465b-b62e-18f07c9ac198/blade/Microsoft_Azure_Monitoring_Logs/LogsBlade/source/Alerts.EmailLinks/scope/%7B%22resources%22%3A%5B%7B%22resourceId%22%3A%22%2Fsubscriptions%2Fe926b31e-c0de-45a7-888b-94061ee34579%2FresourceGroups%2Frg-psbomhub-stage-int%2Fproviders%2FMicrosoft.OperationalInsights%2Fworkspaces%2Flog-psbomhub-int-4f3fd49df5a0e379d863%22%7D%5D%7D/q/eJyFVF1v0zAUfe%2BvsPqyRIpH0zEhhoKYoCCkMVBX7YFqqtzktvXq2Jmv2y0TP57r9MvtCstDFB%2Bfc798HAWO%2FTLFlUSXFbUWpcyjYVvqiRXo7CJ3CwvcwhIsAq%2BsearbCTvcR6PsEfjZmDlABbTXYseetnxAXggnJhZwpgGRL8%2BbQIQjWMrKl2nnBZJuEF%2BWNLpR%2FSOFMqIgUW60s0bxe9BzqdEHWO8UEitjQcFS6Bz4WIl8rmgcAUVOimClAF%2FLphzY0ncm9TRUNrCkVKACuEQnJL4AOD4sUL6WqsJiFkhRVLxSQoflH0RfrFa7c%2FInwGVJU3D%2FOauF9KqF5OO3k%2FVXbspKWIlGr4EF%2BoosTMACDbPJ8yzmzclJGu4ybR%2BNfhd%2FaCly4o03mnT1gR1vere9fs8H6%2FX7P%2Fv%2B4%2Bvl4PKqvdH19FJao0vQ%2By52Xc8l2xZb6kCW8F1To0uhsohaB0dI1O10U552ePp%2BkJ5ddNOLs3enndXzO2acnZek%2F0wmElKDvTLT1h8GTw50wWjRI3PVGc0CYXRP44g2WLxu9wX5CyXOnNnm3%2BDD9ie%2FJgOUFdV8RH7l3bPpcuTMfsLTxlzHdD%2FoeokpZLlAiIJTkKiNg7JydRDETEflih8n7BicvBLBzax5FGO1p9%2BCobp9bRgFZuApDB3dxSJ0Sbyb9M3KRteihAwrJV3kPxN28uYkHqZ3O%2BL3kkociOma1SyJdnFAIwaGFFoTi58EKclZmacNO4HudvXbyegK5cKNhLWijpr3CBUVGHlFwtKE8TTeRnyc0a3YniCbCRwJXbMoNH3MxH6fO9r6L71iUFm7ncD9q13v8W9APiV3FezjnuepELoP95C7PS8m28KSMH3iMyWbhpPARxTHWPqdsHG9F4gJzFt%2FAQ%3D%3D/prettify/1/timespan/2021-10-19T13%3a16%3a37.0000000Z%2f2021-10-19T13%3a21%3a37.0000000Z",
      "LinkToFilteredSearchResultsUI": "https://portal.azure.com#@ce849bab-cc1c-465b-b62e-18f07c9ac198/blade/Microsoft_Azure_Monitoring_Logs/LogsBlade/source/Alerts.EmailLinks/scope/%7B%22resources%22%3A%5B%7B%22resourceId%22%3A%22%2Fsubscriptions%2Fe926b31e-c0de-45a7-888b-94061ee34579%2FresourceGroups%2Frg-psbomhub-stage-int%2Fproviders%2FMicrosoft.OperationalInsights%2Fworkspaces%2Flog-psbomhub-int-4f3fd49df5a0e379d863%22%7D%5D%7D/q/eJyFVF1v0zAUfe%2BvsPqyRIpH0zEhhoKYoCCkMVBX7YFqqtzktvXq2Jmv2y0TP57r9MvtCstDFB%2Bfc798HAWO%2FTLFlUSXFbUWpcyjYVvqiRXo7CJ3CwvcwhIsAq%2BsearbCTvcR6PsEfjZmDlABbTXYseetnxAXggnJhZwpgGRL8%2BbQIQjWMrKl2nnBZJuEF%2BWNLpR%2FSOFMqIgUW60s0bxe9BzqdEHWO8UEitjQcFS6Bz4WIl8rmgcAUVOimClAF%2FLphzY0ncm9TRUNrCkVKACuEQnJL4AOD4sUL6WqsJiFkhRVLxSQoflH0RfrFa7c%2FInwGVJU3D%2FOauF9KqF5OO3k%2FVXbspKWIlGr4EF%2BoosTMACDbPJ8yzmzclJGu4ybR%2BNfhd%2FaCly4o03mnT1gR1vere9fs8H6%2FX7P%2Fv%2B4%2Bvl4PKqvdH19FJao0vQ%2By52Xc8l2xZb6kCW8F1To0uhsohaB0dI1O10U552ePp%2BkJ5ddNOLs3enndXzO2acnZek%2F0wmElKDvTLT1h8GTw50wWjRI3PVGc0CYXRP44g2WLxu9wX5CyXOnNnm3%2BDD9ie%2FJgOUFdV8RH7l3bPpcuTMfsLTxlzHdD%2FoeokpZLlAiIJTkKiNg7JydRDETEflih8n7BicvBLBzax5FGO1p9%2BCobp9bRgFZuApDB3dxSJ0Sbyb9M3KRteihAwrJV3kPxN28uYkHqZ3O%2BL3kkociOma1SyJdnFAIwaGFFoTi58EKclZmacNO4HudvXbyegK5cKNhLWijpr3CBUVGHlFwtKE8TTeRnyc0a3YniCbCRwJXbMoNH3MxH6fO9r6L71iUFm7ncD9q13v8W9APiV3FezjnuepELoP95C7PS8m28KSMH3iMyWbhpPARxTHWPqdsHG9F4gJzFt%2FAQ%3D%3D/prettify/1/timespan/2021-10-19T13%3a16%3a37.0000000Z%2f2021-10-19T13%3a21%3a37.0000000Z",
      "LinkToSearchResultsAPI": "https://api.loganalytics.io/v1/workspaces/4f956eb9-398e-4937-b0d5-cec21cf868b9/query?query=let%20PodList%3Ddynamic%28%5B%22infrastructure-reverse-proxy%22%2C%20%22infrastructure-solr%22%2C%20%22infrastructure-zookeeper%22%2C%0A%20%20%20%20%20%20%20%20%20%20%20%20%20%20%20%20%20%20%20%20%20%22iqs-datafreshness-v5%22%2C%20%22iqs-server-v10%22%2C%20%22iqs-server-v11%22%2C%20%22iqs-version-v5%22%2C%0A%20%20%20%20%20%20%20%20%20%20%20%20%20%20%20%20%20%20%20%20%20%22loader-control-jenkins%22%2C%20%22loader-disporelevance-blacklist%22%2C%20%22loader-ifd%22%2C%20%22loader-les%22%2C%0A%20%20%20%20%20%20%20%20%20%20%20%20%20%20%20%20%20%20%20%20%20%22loader-lterm-dating%22%2C%20%22loader-lterm-ilevel%22%2C%20%22loader-mstais%22%2C%20%22loader-mstais-squsi%22%2C%0A%20%20%20%20%20%20%20%20%20%20%20%20%20%20%20%20%20%20%20%20%20%22loader-psdh%22%2C%20%22loader-sap-plant%22%2C%20%22loader-tais%22%2C%20%22loader-uis%22%2C%20%22structure-data-importer%22%2C%0A%20%20%20%20%20%20%20%20%20%20%20%20%20%20%20%20%20%20%20%20%20%22ui%22%2C%20%22ui-b4f%22%2C%20%22ui-comparison%22%2C%20%22ui-user-preferences%22%2C%20%22zak-service-v1%22%0A%20%20%20%20%20%20%20%20%20%20%20%20%20%20%20%20%20%20%20%20%5D%29%3B%0Alet%20SeverityList%3Ddynamic%28%5B%22SEVERE%22%2C%20%22ERROR%22%2C%20%22FATAL%22%5D%29%3B%0Alet%20Environment%3Ddynamic%28%5B%22int2%22%2C%20%22prod%22%5D%29%3B%0Alet%20TimeInterval%3D%28datetime%282021-10-19T13%3A21%3A37.0000000Z%29%20-%205m%29%3B%0AContainerLog%0A%7C%20extend%20LogEntry%3Dparse_json%28LogEntry%29%0A%20%20%20%20%20%20%7C%20extend%20LogEntryDate%3Dtodatetime%28LogEntry%5B%22%40timestamp%22%5D%29%0A%20%20%20%20%20%20%7C%20extend%20LogLevel%3Ddynamic_to_json%28LogEntry.level%29%0A%20%20%20%20%20%20%7C%20extend%20LogMessage%3Dcase%28%0A%20%20%20%20%20%20%20%20%20%20isnotempty%28LogEntry.log_message%29%2C%20LogEntry.log_message%2C%0A%20%20%20%20%20%20%20%20%20%20isnotempty%28LogEntry.throwable%29%2C%20LogEntry.throwable%2C%0A%20%20%20%20%20%20%20%20%20%20%22No%20log%20entry%20stored%22%0A%20%20%20%20%20%20%20%20%20%20%29%0A%7C%20extend%20ServiceName%3Dsplit%28Name%2C%20%27%2F%27%29%5B1%5D%0A%7C%20extend%20ImageTag%3Dsplit%28Image%2C%20%27%3A%27%29%5B1%5D%0A%7C%20extend%20Tags%3Dsplit%28ImageTag%2C%20%27-%27%29%0A%7C%20extend%20Env%3DTags%5B0%5D%0A%7C%20extend%20Version%3Dstrcat_array%28array_slice%28Tags%2C%201%2C%20-1%29%2C%20%27-%27%29%0A%7C%20where%20LogLevel%20has_any%20%28SeverityList%29%20and%20ServiceName%20has_any%20%28PodList%29%20and%20Env%20has_any%20%28Environment%29%20and%20TimeGenerated%20%3E%20TimeInterval%0A%7C%20project%20LogEntryDate%2C%20LogLevel%2C%20ServiceName%2C%20Env%2C%20Version%2C%20LogMessage%0A%7C%20order%20by%20LogEntryDate%20asc%0A&timespan=2021-10-19T13%3a16%3a37.0000000Z%2f2021-10-19T13%3a21%3a37.0000000Z",
      "LinkToFilteredSearchResultsAPI": "https://api.loganalytics.io/v1/workspaces/4f956eb9-398e-4937-b0d5-cec21cf868b9/query?query=let%20PodList%3Ddynamic%28%5B%22infrastructure-reverse-proxy%22%2C%20%22infrastructure-solr%22%2C%20%22infrastructure-zookeeper%22%2C%0A%20%20%20%20%20%20%20%20%20%20%20%20%20%20%20%20%20%20%20%20%20%22iqs-datafreshness-v5%22%2C%20%22iqs-server-v10%22%2C%20%22iqs-server-v11%22%2C%20%22iqs-version-v5%22%2C%0A%20%20%20%20%20%20%20%20%20%20%20%20%20%20%20%20%20%20%20%20%20%22loader-control-jenkins%22%2C%20%22loader-disporelevance-blacklist%22%2C%20%22loader-ifd%22%2C%20%22loader-les%22%2C%0A%20%20%20%20%20%20%20%20%20%20%20%20%20%20%20%20%20%20%20%20%20%22loader-lterm-dating%22%2C%20%22loader-lterm-ilevel%22%2C%20%22loader-mstais%22%2C%20%22loader-mstais-squsi%22%2C%0A%20%20%20%20%20%20%20%20%20%20%20%20%20%20%20%20%20%20%20%20%20%22loader-psdh%22%2C%20%22loader-sap-plant%22%2C%20%22loader-tais%22%2C%20%22loader-uis%22%2C%20%22structure-data-importer%22%2C%0A%20%20%20%20%20%20%20%20%20%20%20%20%20%20%20%20%20%20%20%20%20%22ui%22%2C%20%22ui-b4f%22%2C%20%22ui-comparison%22%2C%20%22ui-user-preferences%22%2C%20%22zak-service-v1%22%0A%20%20%20%20%20%20%20%20%20%20%20%20%20%20%20%20%20%20%20%20%5D%29%3B%0Alet%20SeverityList%3Ddynamic%28%5B%22SEVERE%22%2C%20%22ERROR%22%2C%20%22FATAL%22%5D%29%3B%0Alet%20Environment%3Ddynamic%28%5B%22int2%22%2C%20%22prod%22%5D%29%3B%0Alet%20TimeInterval%3D%28datetime%282021-10-19T13%3A21%3A37.0000000Z%29%20-%205m%29%3B%0AContainerLog%0A%7C%20extend%20LogEntry%3Dparse_json%28LogEntry%29%0A%20%20%20%20%20%20%7C%20extend%20LogEntryDate%3Dtodatetime%28LogEntry%5B%22%40timestamp%22%5D%29%0A%20%20%20%20%20%20%7C%20extend%20LogLevel%3Ddynamic_to_json%28LogEntry.level%29%0A%20%20%20%20%20%20%7C%20extend%20LogMessage%3Dcase%28%0A%20%20%20%20%20%20%20%20%20%20isnotempty%28LogEntry.log_message%29%2C%20LogEntry.log_message%2C%0A%20%20%20%20%20%20%20%20%20%20isnotempty%28LogEntry.throwable%29%2C%20LogEntry.throwable%2C%0A%20%20%20%20%20%20%20%20%20%20%22No%20log%20entry%20stored%22%0A%20%20%20%20%20%20%20%20%20%20%29%0A%7C%20extend%20ServiceName%3Dsplit%28Name%2C%20%27%2F%27%29%5B1%5D%0A%7C%20extend%20ImageTag%3Dsplit%28Image%2C%20%27%3A%27%29%5B1%5D%0A%7C%20extend%20Tags%3Dsplit%28ImageTag%2C%20%27-%27%29%0A%7C%20extend%20Env%3DTags%5B0%5D%0A%7C%20extend%20Version%3Dstrcat_array%28array_slice%28Tags%2C%201%2C%20-1%29%2C%20%27-%27%29%0A%7C%20where%20LogLevel%20has_any%20%28SeverityList%29%20and%20ServiceName%20has_any%20%28PodList%29%20and%20Env%20has_any%20%28Environment%29%20and%20TimeGenerated%20%3E%20TimeInterval%0A%7C%20project%20LogEntryDate%2C%20LogLevel%2C%20ServiceName%2C%20Env%2C%20Version%2C%20LogMessage%0A%7C%20order%20by%20LogEntryDate%20asc%0A&timespan=2021-10-19T13%3a16%3a37.0000000Z%2f2021-10-19T13%3a21%3a37.0000000Z",
      "SeverityDescription": "Error",
      "WorkspaceId": "4f956eb9-398e-4937-b0d5-cec21cf868b9",
      "SearchIntervalDurationMin": "5",
      "AffectedConfigurationItems": [],
      "AlertType": "Number of results",
      "IncludeSearchResults": true,
      "SearchIntervalInMinutes": "5",
      "Threshold": 0,
      "Operator": "Greater Than",
      "IncludedSearchResults": "False"
    }
  }
}