{
  "schemaId": "azureMonitorCommonAlertSchema",
  "data": {
    "essentials": {
      "alertId": "/subscriptions/e926b31e-c0de-45a7-888b-94061ee34579/providers/Microsoft.AlertsManagement/alerts/ac28006b-a5ec-7f2c-99e8-f11cb92c2023",
      "alertRule": "LogEntry-queryrulesalert-2021-10-07-12-46-11_UTC",
      "severity": "Sev1",
      "signalType": "Log",
      "monitorCondition": "Fired",
      "monitoringService": "Log Analytics",
      "alertTargetIDs": [
        "/subscriptions/e926b31e-c0de-45a7-888b-94061ee34579/resourcegroups/rg-psbomhub-stage-int/providers/microsoft.operationalinsights/workspaces/log-psbomhub-int-4f3fd49df5a0e379d863"
      ],
      "configurationItems": [],
      "originAlertId": "7e828393-a1ad-4b55-9831-c6738161775c",
      "firedDateTime": "2021-10-22T06:12:10.9550045Z",
      "description": "",
      "essentialsVersion": "1.0",
      "alertContextVersion": "1.1"
    },
    "alertContext": {
      "SearchQuery": "let PodList=dynamic([\"infrastructure-reverse-proxy\", \"infrastructure-solr\", \"infrastructure-zookeeper\",\n                     \"iqs-datafreshness-v5\", \"iqs-server-v10\", \"iqs-server-v11\", \"iqs-version-v5\",\n                     \"loader-control-jenkins\", \"loader-disporelevance-blacklist\", \"loader-ifd\", \"loader-les\",\n                     \"loader-lterm-dating\", \"loader-lterm-ilevel\", \"loader-mstais\", \"loader-mstais-squsi\",\n                     \"loader-psdh\", \"loader-sap-plant\", \"loader-tais\", \"loader-uis\", \"structure-data-importer\",\n                     \"ui\", \"ui-b4f\", \"ui-comparison\", \"ui-user-preferences\", \"zak-service-v1\"\n                    ]);\nlet SeverityList=dynamic([\"SEVERE\", \"ERROR\", \"FATAL\"]);\nlet Environment=dynamic([\"int2\", \"prod\"]);\nlet TimeInterval=ago(5m);\nContainerLog\n| extend LogEntry=parse_json(LogEntry)\n      | extend LogEntryDate=todatetime(LogEntry[\"@timestamp\"])\n      | extend LogLevel=dynamic_to_json(LogEntry.level)\n      | extend LogMessage=case(\n          isnotempty(LogEntry.log_message), LogEntry.log_message,\n          isnotempty(LogEntry.throwable), LogEntry.throwable,\n          \"No log entry stored\"\n          )\n| extend ServiceName=split(Name, '/')[1]\n| extend ImageTag=split(Image, ':')[1]\n| extend Tags=split(ImageTag, '-')\n| extend Env=Tags[0]\n| extend Version=strcat_array(array_slice(Tags, 1, -1), '-')\n| where LogLevel has_any (SeverityList) and ServiceName has_any (PodList) and Env has_any (Environment) and TimeGenerated > TimeInterval\n| project LogEntryDate, LogLevel, ServiceName, Env, Version, LogMessage\n| order by LogEntryDate asc\n",
      "SearchIntervalStartTimeUtc": "2021-10-22T06:06:37Z",
      "SearchIntervalEndtimeUtc": "2021-10-22T06:11:37Z",
      "ResultCount": 1,
      "LinkToSearchResults": "https://portal.azure.com#@ce849bab-cc1c-465b-b62e-18f07c9ac198/blade/Microsoft_Azure_Monitoring_Logs/LogsBlade/source/Alerts.EmailLinks/scope/%7B%22resources%22%3A%5B%7B%22resourceId%22%3A%22%2Fsubscriptions%2Fe926b31e-c0de-45a7-888b-94061ee34579%2FresourceGroups%2Frg-psbomhub-stage-int%2Fproviders%2FMicrosoft.OperationalInsights%2Fworkspaces%2Flog-psbomhub-int-4f3fd49df5a0e379d863%22%7D%5D%7D/q/eJyFVF1v0zAUfe%2BvsPqyRIpHUxhIQ0FMUNCkMVBX7YFqqtzktvXq2Jmv2y0TP57r9MvtCstDFB%2Bfc798HAWO%2FTLFlUSXFbUWpcyjYVvqiRXo7CJ3CwvcwhIsAq%2BsearbCTvcR6PsEfjZmDlABbTXYseetnxAXggnJhZwpgGRL8%2BaQIQjWMrKl2nnBZJuEF%2BWNLpR%2FSOFMqIgUW60s0bxe9BzqdEHWO8UEitjQcFS6Bz4WIl8rmgcAUVOimClAF%2FLphzY0ncm9TRUNrCkVKACuEQnJL4AOD4sUL6WqsJiFkhRVLxSQoflH0RfrFa7c%2FInwGVJU3D%2FOauF9KqF5ON3k%2FVXbspKWIlGr4EF%2BoosTMACDbPJ8yzmzclJGu4ybR%2BNfhd%2FbCly4o03mnT1gR1vere9fs8H6%2FX7P%2Fv%2B49vF4OKqvdH19FJao0vQ%2By52Xc8l2xZb6kCWcKmp0aVQWUStgyMk6na6KU87vNsddN6fp%2Bn52w%2BnndXzO2acnZWk%2F0ImElKDvTLT1h8GTw50wWjRI3PVGc0CYXRP44g2WLxu9wX5KyXOnNnm3%2BDD9me%2FJgOUFdV8RH7l3bPpcuTMfsLTxlzHdD%2FoeokpZLlAiIJTkKiNg7JydRDETEflih8n7BicvBLBzax5FGO1p9%2BCobp9bRgFZuApDB3dxSJ0Sbyb9M3KRteihAwrJV3kPxN28uYkHqZ3O%2BJlSSUOxHTNapZEOz%2BgEQNDCq2JxU%2BClOSszNOGnUB3u%2FrtZHSFcuFGwlpRR817hIoKjLwiYWnCeBpvIz7O6FZsT5DNBI6ErlkUmj5mYr%2FPHW39l14xqKzdTuD%2B1a73%2BHcgn5K7CvZpz%2FNUCN2He8jdnheTbWFJmD7xmZJNw0ngI4pjLP1O2LjeC8QE5q2%2F/prettify/1/timespan/2021-10-22T06%3a06%3a37.0000000Z%2f2021-10-22T06%3a11%3a37.0000000Z",
      "LinkToFilteredSearchResultsUI": "https://portal.azure.com#@ce849bab-cc1c-465b-b62e-18f07c9ac198/blade/Microsoft_Azure_Monitoring_Logs/LogsBlade/source/Alerts.EmailLinks/scope/%7B%22resources%22%3A%5B%7B%22resourceId%22%3A%22%2Fsubscriptions%2Fe926b31e-c0de-45a7-888b-94061ee34579%2FresourceGroups%2Frg-psbomhub-stage-int%2Fproviders%2FMicrosoft.OperationalInsights%2Fworkspaces%2Flog-psbomhub-int-4f3fd49df5a0e379d863%22%7D%5D%7D/q/eJyFVF1v0zAUfe%2BvsPqyRIpHUxhIQ0FMUNCkMVBX7YFqqtzktvXq2Jmv2y0TP57r9MvtCstDFB%2Bfc798HAWO%2FTLFlUSXFbUWpcyjYVvqiRXo7CJ3CwvcwhIsAq%2BsearbCTvcR6PsEfjZmDlABbTXYseetnxAXggnJhZwpgGRL8%2BaQIQjWMrKl2nnBZJuEF%2BWNLpR%2FSOFMqIgUW60s0bxe9BzqdEHWO8UEitjQcFS6Bz4WIl8rmgcAUVOimClAF%2FLphzY0ncm9TRUNrCkVKACuEQnJL4AOD4sUL6WqsJiFkhRVLxSQoflH0RfrFa7c%2FInwGVJU3D%2FOauF9KqF5ON3k%2FVXbspKWIlGr4EF%2BoosTMACDbPJ8yzmzclJGu4ybR%2BNfhd%2FbCly4o03mnT1gR1vere9fs8H6%2FX7P%2Fv%2B49vF4OKqvdH19FJao0vQ%2By52Xc8l2xZb6kCWcKmp0aVQWUStgyMk6na6KU87vNsddN6fp%2Bn52w%2BnndXzO2acnZWk%2F0ImElKDvTLT1h8GTw50wWjRI3PVGc0CYXRP44g2WLxu9wX5KyXOnNnm3%2BDD9me%2FJgOUFdV8RH7l3bPpcuTMfsLTxlzHdD%2FoeokpZLlAiIJTkKiNg7JydRDETEflih8n7BicvBLBzax5FGO1p9%2BCobp9bRgFZuApDB3dxSJ0Sbyb9M3KRteihAwrJV3kPxN28uYkHqZ3O%2BJlSSUOxHTNapZEOz%2BgEQNDCq2JxU%2BClOSszNOGnUB3u%2FrtZHSFcuFGwlpRR817hIoKjLwiYWnCeBpvIz7O6FZsT5DNBI6ErlkUmj5mYr%2FPHW39l14xqKzdTuD%2B1a73%2BHcgn5K7CvZpz%2FNUCN2He8jdnheTbWFJmD7xmZJNw0ngI4pjLP1O2LjeC8QE5q2%2F/prettify/1/timespan/2021-10-22T06%3a06%3a37.0000000Z%2f2021-10-22T06%3a11%3a37.0000000Z",
      "LinkToSearchResultsAPI": "https://api.loganalytics.io/v1/workspaces/4f956eb9-398e-4937-b0d5-cec21cf868b9/query?query=let%20PodList%3Ddynamic%28%5B%22infrastructure-reverse-proxy%22%2C%20%22infrastructure-solr%22%2C%20%22infrastructure-zookeeper%22%2C%0A%20%20%20%20%20%20%20%20%20%20%20%20%20%20%20%20%20%20%20%20%20%22iqs-datafreshness-v5%22%2C%20%22iqs-server-v10%22%2C%20%22iqs-server-v11%22%2C%20%22iqs-version-v5%22%2C%0A%20%20%20%20%20%20%20%20%20%20%20%20%20%20%20%20%20%20%20%20%20%22loader-control-jenkins%22%2C%20%22loader-disporelevance-blacklist%22%2C%20%22loader-ifd%22%2C%20%22loader-les%22%2C%0A%20%20%20%20%20%20%20%20%20%20%20%20%20%20%20%20%20%20%20%20%20%22loader-lterm-dating%22%2C%20%22loader-lterm-ilevel%22%2C%20%22loader-mstais%22%2C%20%22loader-mstais-squsi%22%2C%0A%20%20%20%20%20%20%20%20%20%20%20%20%20%20%20%20%20%20%20%20%20%22loader-psdh%22%2C%20%22loader-sap-plant%22%2C%20%22loader-tais%22%2C%20%22loader-uis%22%2C%20%22structure-data-importer%22%2C%0A%20%20%20%20%20%20%20%20%20%20%20%20%20%20%20%20%20%20%20%20%20%22ui%22%2C%20%22ui-b4f%22%2C%20%22ui-comparison%22%2C%20%22ui-user-preferences%22%2C%20%22zak-service-v1%22%0A%20%20%20%20%20%20%20%20%20%20%20%20%20%20%20%20%20%20%20%20%5D%29%3B%0Alet%20SeverityList%3Ddynamic%28%5B%22SEVERE%22%2C%20%22ERROR%22%2C%20%22FATAL%22%5D%29%3B%0Alet%20Environment%3Ddynamic%28%5B%22int2%22%2C%20%22prod%22%5D%29%3B%0Alet%20TimeInterval%3D%28datetime%282021-10-22T06%3A11%3A37.0000000Z%29%20-%205m%29%3B%0AContainerLog%0A%7C%20extend%20LogEntry%3Dparse_json%28LogEntry%29%0A%20%20%20%20%20%20%7C%20extend%20LogEntryDate%3Dtodatetime%28LogEntry%5B%22%40timestamp%22%5D%29%0A%20%20%20%20%20%20%7C%20extend%20LogLevel%3Ddynamic_to_json%28LogEntry.level%29%0A%20%20%20%20%20%20%7C%20extend%20LogMessage%3Dcase%28%0A%20%20%20%20%20%20%20%20%20%20isnotempty%28LogEntry.log_message%29%2C%20LogEntry.log_message%2C%0A%20%20%20%20%20%20%20%20%20%20isnotempty%28LogEntry.throwable%29%2C%20LogEntry.throwable%2C%0A%20%20%20%20%20%20%20%20%20%20%22No%20log%20entry%20stored%22%0A%20%20%20%20%20%20%20%20%20%20%29%0A%7C%20extend%20ServiceName%3Dsplit%28Name%2C%20%27%2F%27%29%5B1%5D%0A%7C%20extend%20ImageTag%3Dsplit%28Image%2C%20%27%3A%27%29%5B1%5D%0A%7C%20extend%20Tags%3Dsplit%28ImageTag%2C%20%27-%27%29%0A%7C%20extend%20Env%3DTags%5B0%5D%0A%7C%20extend%20Version%3Dstrcat_array%28array_slice%28Tags%2C%201%2C%20-1%29%2C%20%27-%27%29%0A%7C%20where%20LogLevel%20has_any%20%28SeverityList%29%20and%20ServiceName%20has_any%20%28PodList%29%20and%20Env%20has_any%20%28Environment%29%20and%20TimeGenerated%20%3E%20TimeInterval%0A%7C%20project%20LogEntryDate%2C%20LogLevel%2C%20ServiceName%2C%20Env%2C%20Version%2C%20LogMessage%0A%7C%20order%20by%20LogEntryDate%20asc%0A&timespan=2021-10-22T06%3a06%3a37.0000000Z%2f2021-10-22T06%3a11%3a37.0000000Z",
      "LinkToFilteredSearchResultsAPI": "https://api.loganalytics.io/v1/workspaces/4f956eb9-398e-4937-b0d5-cec21cf868b9/query?query=let%20PodList%3Ddynamic%28%5B%22infrastructure-reverse-proxy%22%2C%20%22infrastructure-solr%22%2C%20%22infrastructure-zookeeper%22%2C%0A%20%20%20%20%20%20%20%20%20%20%20%20%20%20%20%20%20%20%20%20%20%22iqs-datafreshness-v5%22%2C%20%22iqs-server-v10%22%2C%20%22iqs-server-v11%22%2C%20%22iqs-version-v5%22%2C%0A%20%20%20%20%20%20%20%20%20%20%20%20%20%20%20%20%20%20%20%20%20%22loader-control-jenkins%22%2C%20%22loader-disporelevance-blacklist%22%2C%20%22loader-ifd%22%2C%20%22loader-les%22%2C%0A%20%20%20%20%20%20%20%20%20%20%20%20%20%20%20%20%20%20%20%20%20%22loader-lterm-dating%22%2C%20%22loader-lterm-ilevel%22%2C%20%22loader-mstais%22%2C%20%22loader-mstais-squsi%22%2C%0A%20%20%20%20%20%20%20%20%20%20%20%20%20%20%20%20%20%20%20%20%20%22loader-psdh%22%2C%20%22loader-sap-plant%22%2C%20%22loader-tais%22%2C%20%22loader-uis%22%2C%20%22structure-data-importer%22%2C%0A%20%20%20%20%20%20%20%20%20%20%20%20%20%20%20%20%20%20%20%20%20%22ui%22%2C%20%22ui-b4f%22%2C%20%22ui-comparison%22%2C%20%22ui-user-preferences%22%2C%20%22zak-service-v1%22%0A%20%20%20%20%20%20%20%20%20%20%20%20%20%20%20%20%20%20%20%20%5D%29%3B%0Alet%20SeverityList%3Ddynamic%28%5B%22SEVERE%22%2C%20%22ERROR%22%2C%20%22FATAL%22%5D%29%3B%0Alet%20Environment%3Ddynamic%28%5B%22int2%22%2C%20%22prod%22%5D%29%3B%0Alet%20TimeInterval%3D%28datetime%282021-10-22T06%3A11%3A37.0000000Z%29%20-%205m%29%3B%0AContainerLog%0A%7C%20extend%20LogEntry%3Dparse_json%28LogEntry%29%0A%20%20%20%20%20%20%7C%20extend%20LogEntryDate%3Dtodatetime%28LogEntry%5B%22%40timestamp%22%5D%29%0A%20%20%20%20%20%20%7C%20extend%20LogLevel%3Ddynamic_to_json%28LogEntry.level%29%0A%20%20%20%20%20%20%7C%20extend%20LogMessage%3Dcase%28%0A%20%20%20%20%20%20%20%20%20%20isnotempty%28LogEntry.log_message%29%2C%20LogEntry.log_message%2C%0A%20%20%20%20%20%20%20%20%20%20isnotempty%28LogEntry.throwable%29%2C%20LogEntry.throwable%2C%0A%20%20%20%20%20%20%20%20%20%20%22No%20log%20entry%20stored%22%0A%20%20%20%20%20%20%20%20%20%20%29%0A%7C%20extend%20ServiceName%3Dsplit%28Name%2C%20%27%2F%27%29%5B1%5D%0A%7C%20extend%20ImageTag%3Dsplit%28Image%2C%20%27%3A%27%29%5B1%5D%0A%7C%20extend%20Tags%3Dsplit%28ImageTag%2C%20%27-%27%29%0A%7C%20extend%20Env%3DTags%5B0%5D%0A%7C%20extend%20Version%3Dstrcat_array%28array_slice%28Tags%2C%201%2C%20-1%29%2C%20%27-%27%29%0A%7C%20where%20LogLevel%20has_any%20%28SeverityList%29%20and%20ServiceName%20has_any%20%28PodList%29%20and%20Env%20has_any%20%28Environment%29%20and%20TimeGenerated%20%3E%20TimeInterval%0A%7C%20project%20LogEntryDate%2C%20LogLevel%2C%20ServiceName%2C%20Env%2C%20Version%2C%20LogMessage%0A%7C%20order%20by%20LogEntryDate%20asc%0A&timespan=2021-10-22T06%3a06%3a37.0000000Z%2f2021-10-22T06%3a11%3a37.0000000Z",
      "SeverityDescription": "Error",
      "WorkspaceId": "4f956eb9-398e-4937-b0d5-cec21cf868b9",
      "SearchIntervalDurationMin": "5",
      "AffectedConfigurationItems": [],
      "AlertType": "Number of results",
      "IncludeSearchResults": true,
      "SearchIntervalInMinutes": "5",
      "SearchResults": {
        "tables": [
          {
            "name": "PrimaryResult",
            "columns": [
              {
                "name": "LogEntryDate",
                "type": "datetime"
              },
              {
                "name": "LogLevel",
                "type": "string"
              },
              {
                "name": "ServiceName",
                "type": "dynamic"
              },
              {
                "name": "Env",
                "type": "dynamic"
              },
              {
                "name": "Version",
                "type": "string"
              },
              {
                "name": "LogMessage",
                "type": "string"
              }
            ],
            "rows": [
              [
                "2021-10-22T06:08:36.66Z",
                "SEVERE",
                "iqs-server-v11",
                "int2",
                "16.56.9",
                "{\"exception\":\"An I/O error has occurred while writing a response message entity to the container output stream.\",\"stack_trace\":\"org.glassfish.jersey.server.internal.process.MappableException: java.io.IOException: Connection is closed\\n\\tat org.glassfish.jersey.server.internal.MappableExceptionWrapperInterceptor.aroundWriteTo(MappableExceptionWrapperInterceptor.java:67)\\n\\tat org.glassfish.jersey.message.internal.WriterInterceptorExecutor.proceed(WriterInterceptorExecutor.java:139)\\n\\tat org.glassfish.jersey.message.internal.MessageBodyFactory.writeTo(MessageBodyFactory.java:1115)\\n\\tat org.glassfish.jersey.server.ServerRuntime$Responder.writeResponse(ServerRuntime.java:638)\\n\\tat org.glassfish.jersey.server.ServerRuntime$Responder.processResponse(ServerRuntime.java:371)\\n\\tat org.glassfish.jersey.server.ServerRuntime$Responder.process(ServerRuntime.java:361)\\n\\tat org.glassfish.jersey.server.ServerRuntime$1.run(ServerRuntime.java:256)\\n\\tat org.glassfish.jersey.internal.Errors$1.call(Errors.java:248)\\n\\tat org.glassfish.jersey.internal.Errors$1.call(Errors.java:244)\\n\\tat org.glassfish.jersey.internal.Errors.process(Errors.java:292)\\n\\tat org.glassfish.jersey.internal.Errors.process(Errors.java:274)\\n\\tat org.glassfish.jersey.internal.Errors.process(Errors.java:244)\\n\\tat org.glassfish.jersey.process.internal.RequestScope.runInScope(RequestScope.java:265)\\n\\tat org.glassfish.jersey.server.ServerRuntime.process(ServerRuntime.java:232)\\n\\tat org.glassfish.jersey.server.ApplicationHandler.handle(ApplicationHandler.java:680)\\n\\tat org.glassfish.jersey.servlet.WebComponent.serviceImpl(WebComponent.java:392)\\n\\tat org.glassfish.jersey.servlet.WebComponent.service(WebComponent.java:346)\\n\\tat org.glassfish.jersey.servlet.ServletContainer.service(ServletContainer.java:365)\\n\\tat org.glassfish.jersey.servlet.ServletContainer.service(ServletContainer.java:318)\\n\\tat org.glassfish.jersey.servlet.ServletContainer.service(ServletContainer.java:205)\\n\\tat org.apache.catalina.core.StandardWrapper.service(StandardWrapper.java:1628)\\n\\tat org.apache.catalina.core.StandardWrapperValve.invoke(StandardWrapperValve.java:258)\\n\\tat org.apache.catalina.core.StandardContextValve.invoke(StandardContextValve.java:160)\\n\\tat org.apache.catalina.core.StandardPipeline.doInvoke(StandardPipeline.java:755)\\n\\tat org.apache.catalina.core.StandardPipeline.invoke(StandardPipeline.java:575)\\n\\tat com.sun.enterprise.web.WebPipeline.invoke(WebPipeline.java:99)\\n\\tat org.apache.catalina.core.StandardHostValve.invoke(StandardHostValve.java:159)\\n\\tat org.apache.catalina.connector.CoyoteAdapter.doService(CoyoteAdapter.java:371)\\n\\tat org.apache.catalina.connector.CoyoteAdapter.service(CoyoteAdapter.java:238)\\n\\tat com.sun.enterprise.v3.services.impl.ContainerMapper$HttpHandlerCallable.call(ContainerMapper.java:520)\\n\\tat com.sun.enterprise.v3.services.impl.ContainerMapper.service(ContainerMapper.java:217)\\n\\tat org.glassfish.grizzly.http.server.HttpHandler.runService(HttpHandler.java:182)\\n\\tat org.glassfish.grizzly.http.server.HttpHandler.doHandle(HttpHandler.java:156)\\n\\tat org.glassfish.grizzly.http.server.HttpServerFilter.handleRead(HttpServerFilter.java:218)\\n\\tat org.glassfish.grizzly.filterchain.ExecutorResolver$9.execute(ExecutorResolver.java:95)\\n\\tat org.glassfish.grizzly.filterchain.DefaultFilterChain.executeFilter(DefaultFilterChain.java:260)\\n\\tat org.glassfish.grizzly.filterchain.DefaultFilterChain.executeChainPart(DefaultFilterChain.java:177)\\n\\tat org.glassfish.grizzly.filterchain.DefaultFilterChain.execute(DefaultFilterChain.java:109)\\n\\tat org.glassfish.grizzly.filterchain.DefaultFilterChain.process(DefaultFilterChain.java:88)\\n\\tat org.glassfish.grizzly.ProcessorExecutor.execute(ProcessorExecutor.java:53)\\n\\tat org.glassfish.grizzly.nio.transport.TCPNIOTransport.fireIOEvent(TCPNIOTransport.java:524)\\n\\tat org.glassfish.grizzly.strategies.AbstractIOStrategy.fireIOEvent(AbstractIOStrategy.java:89)\\n\\tat org.glassfish.grizzly.strategies.WorkerThreadIOStrategy.run0(WorkerThreadIOStrategy.java:94)\\n\\tat org.glassfish.grizzly.strategies.WorkerThreadIOStrategy.access$100(WorkerThreadIOStrategy.java:33)\\n\\tat org.glassfish.grizzly.strategies.WorkerThreadIOStrategy$WorkerThreadRunnable.run(WorkerThreadIOStrategy.java:114)\\n\\tat org.glassfish.grizzly.threadpool.AbstractThreadPool$Worker.doWork(AbstractThreadPool.java:569)\\n\\tat org.glassfish.grizzly.threadpool.AbstractThreadPool$Worker.run(AbstractThreadPool.java:549)\\n\\tat java.base/java.lang.Thread.run(Thread.java:834)\\nCaused by: java.io.IOException: Connection is closed\\n\\tat org.glassfish.grizzly.nio.NIOConnection.assertOpen(NIOConnection.java:441)\\n\\tat org.glassfish.grizzly.http.io.OutputBuffer.write(OutputBuffer.java:663)\\n\\tat org.apache.catalina.connector.OutputBuffer.writeBytes(OutputBuffer.java:336)\\n\\tat org.apache.catalina.connector.OutputBuffer.write(OutputBuffer.java:323)\\n\\tat org.apache.catalina.connector.CoyoteOutputStream.write(CoyoteOutputStream.java:154)\\n\\tat org.glassfish.jersey.servlet.internal.ResponseWriter$NonCloseableOutputStreamWrapper.write(ResponseWriter.java:301)\\n\\tat org.glassfish.jersey.message.internal.CommittingOutputStream.write(CommittingOutputStream.java:200)\\n\\tat com.bmw.psmg.hub.common.services.logging.NotifyingOutputStream.write(NotifyingOutputStream.java:74)\\n\\tat com.bmw.psmg.hub.common.services.logging.NotifyingOutputStream.write(NotifyingOutputStream.java:74)\\n\\tat org.glassfish.jersey.message.internal.WriterInterceptorExecutor$UnCloseableOutputStream.write(WriterInterceptorExecutor.java:276)\\n\\tat com.google.protobuf.CodedOutputStream$OutputStreamEncoder.doFlush(CodedOutputStream.java:3062)\\n\\tat com.google.protobuf.CodedOutputStream$OutputStreamEncoder.write(CodedOutputStream.java:2994)\\n\\tat com.google.protobuf.CodedOutputStream$OutputStreamEncoder.writeLazy(CodedOutputStream.java:3013)\\n\\tat com.google.protobuf.ByteString$LiteralByteString.writeTo(ByteString.java:1392)\\n\\tat com.google.protobuf.CodedOutputStream$OutputStreamEncoder.writeBytesNoTag(CodedOutputStream.java:2801)\\n\\tat com.google.protobuf.CodedOutputStream$OutputStreamEncoder.writeBytes(CodedOutputStream.java:2775)\\n\\tat com.google.protobuf.GeneratedMessageV3.writeString(GeneratedMessageV3.java:3092)\\n\\tat com.bmw.psmg.hub.iqs.api.bom.BomCommon$ModelTypePosition.writeTo(BomCommon.java:15121)\\n\\tat com.google.protobuf.CodedOutputStream$OutputStreamEncoder.writeMessageNoTag(CodedOutputStream.java:2855)\\n\\tat com.google.protobuf.CodedOutputStream$OutputStreamEncoder.writeMessage(CodedOutputStream.java:2824)\\n\\tat com.bmw.psmg.hub.iqs.api.bom.BomSearch$BomSearchResponse$Included.writeTo(BomSearch.java:4487)\\n\\tat com.google.protobuf.CodedOutputStream$OutputStreamEncoder.writeMessageNoTag(CodedOutputStream.java:2855)\\n\\tat com.google.protobuf.CodedOutputStream$OutputStreamEncoder.writeMessage(CodedOutputStream.java:2824)\\n\\tat com.bmw.psmg.hub.iqs.api.bom.BomSearch$BomSearchResponse.writeTo(BomSearch.java:5857)\\n\\tat com.google.protobuf.AbstractMessageLite.writeTo(AbstractMessageLite.java:83)\\n\\tat com.bmw.psmg.hub.common.protobuf.CustomizableProtobufMessageBodyWriter.writeTo(CustomizableProtobufMessageBodyWriter.java:65)\\n\\tat com.bmw.psmg.hub.common.protobuf.CustomizableProtobufMessageBodyWriter.writeTo(CustomizableProtobufMessageBodyWriter.java:27)\\n\\tat org.glassfish.jersey.message.internal.WriterInterceptorExecutor$TerminalWriterInterceptor.invokeWriteTo(WriterInterceptorExecutor.java:242)\\n\\tat org.glassfish.jersey.message.internal.WriterInterceptorExecutor$TerminalWriterInterceptor.aroundWriteTo(WriterInterceptorExecutor.java:227)\\n\\tat org.glassfish.jersey.message.internal.WriterInterceptorExecutor.proceed(WriterInterceptorExecutor.java:139)\\n\\tat org.glassfish.jersey.server.internal.JsonWithPaddingInterceptor.aroundWriteTo(JsonWithPaddingInterceptor.java:85)\\n\\tat org.glassfish.jersey.message.internal.WriterInterceptorExecutor.proceed(WriterInterceptorExecutor.java:139)\\n\\tat org.glassfish.jersey.server.internal.MappableExceptionWrapperInterceptor.aroundWriteTo(MappableExceptionWrapperInterceptor.java:61)\\n\\t... 47 more\\nCaused by: java.io.IOException: Broken pipe\\n\\tat java.base/sun.nio.ch.FileDispatcherImpl.write0(Native Method)\\n\\tat java.base/sun.nio.ch.SocketDispatcher.write(SocketDispatcher.java:47)\\n\\tat java.base/sun.nio.ch.IOUtil.writeFromNativeBuffer(IOUtil.java:113)\\n\\tat java.base/sun.nio.ch.IOUtil.write(IOUtil.java:58)\\n\\tat java.base/sun.nio.ch.IOUtil.write(IOUtil.java:50)\\n\\tat java.base/sun.nio.ch.SocketChannelImpl.write(SocketChannelImpl.java:466)\\n\\tat org.glassfish.grizzly.nio.transport.TCPNIOUtils.flushByteBuffer(TCPNIOUtils.java:125)\\n\\tat org.glassfish.grizzly.nio.transport.TCPNIOAsyncQueueWriter.writeCompositeRecord(TCPNIOAsyncQueueWriter.java:165)\\n\\tat org.glassfish.grizzly.nio.transport.TCPNIOAsyncQueueWriter.write0(TCPNIOAsyncQueueWriter.java:68)\\n\\tat org.glassfish.grizzly.nio.AbstractNIOAsyncQueueWriter.processAsync(AbstractNIOAsyncQueueWriter.java:320)\\n\\tat org.glassfish.grizzly.filterchain.DefaultFilterChain.process(DefaultFilterChain.java:84)\\n\\tat org.glassfish.grizzly.ProcessorExecutor.execute(ProcessorExecutor.java:53)\\n\\tat org.glassfish.grizzly.nio.transport.TCPNIOTransport.fireIOEvent(TCPNIOTransport.java:524)\\n\\tat org.glassfish.grizzly.strategies.AbstractIOStrategy.fireIOEvent(AbstractIOStrategy.java:89)\\n\\tat org.glassfish.grizzly.strategies.WorkerThreadIOStrategy.run0(WorkerThreadIOStrategy.java:94)\\n\\tat org.glassfish.grizzly.strategies.WorkerThreadIOStrategy.executeIoEvent(WorkerThreadIOStrategy.java:80)\\n\\tat org.glassfish.grizzly.strategies.AbstractIOStrategy.executeIoEvent(AbstractIOStrategy.java:66)\\n\\tat org.glassfish.grizzly.nio.SelectorRunner.iterateKeyEvents(SelectorRunner.java:391)\\n\\tat org.glassfish.grizzly.nio.SelectorRunner.iterateKeys(SelectorRunner.java:360)\\n\\tat org.glassfish.grizzly.nio.SelectorRunner.doSelect(SelectorRunner.java:324)\\n\\tat org.glassfish.grizzly.nio.SelectorRunner.run(SelectorRunner.java:255)\\n\\t... 3 more\\n\"}"
              ]
            ]
          }
        ],
        "dataSources": [
          {
            "resourceId": "/subscriptions/e926b31e-c0de-45a7-888b-94061ee34579/resourcegroups/rg-psbomhub-stage-int/providers/microsoft.operationalinsights/workspaces/log-psbomhub-int-4f3fd49df5a0e379d863",
            "region": "westeurope",
            "tables": [
              "ContainerLog"
            ]
          }
        ]
      },
      "Threshold": 0,
      "Operator": "Greater Than",
      "IncludedSearchResults": "True"
    }
  }
}