{
  "schemaId": "azureMonitorCommonAlertSchema",
  "data": {
    "essentials": {
      "alertId": "/subscriptions/fca564c9-6b4e-4ece-87db-49cba4e01a9f/providers/Microsoft.AlertsManagement/alerts/db162320-4e0a-df28-1727-345bf0caa1ff",
      "alertRule": "Exception found in whatsmyipaddress",
      "severity": "Sev3",
      "signalType": "Log",
      "monitorCondition": "Fired",
      "monitoringService": "Log Analytics",
      "alertTargetIDs": [
        "/subscriptions/fca564c9-6b4e-4ece-87db-49cba4e01a9f/resourcegroups/rg-stefan-common-test/providers/microsoft.operationalinsights/workspaces/log-stefan-52518386cc33022de894"
      ],
      "configurationItems": [],
      "originAlertId": "resource://logsearchalertshealth_la_prod_westeurope/microsoft.operationalinsights__workspaces__scoperesourceid/-subscriptions-fca564c9-6b4e-4ece-87db-49cba4e01a9f-resourcegroups-rg-stefan-common-test-providers-microsoft.operationalinsights-workspaces-log-stefan-52518386cc33022de894-10/23/2021 2:48:25 pm",
      "firedDateTime": "2021-10-23T14:49:01.5422357Z",
      "description": "",
      "essentialsVersion": "1.0",
      "alertContextVersion": "1.1"
    },
    "alertContext": {
      "SearchQuery": "ContainerLog\n| join kind=inner  (\n    KubePodInventory\n    | where PodStatus has \"Running\"\n        and Name startswith_cs \"whatis\"     \n    | order by TimeGenerated desc\n    | take 10    \n    | distinct ContainerID, ControllerName, Name, ClusterName)\n    on ContainerID\n| project\n    TimeGenerated,\n    ClusterName,\n    ControllerName,\n    Name1,\n    Message = parse_json(LogEntry)\n| where Message.level has \"ERROR\"\n| project\n    Timestampe=Message.timestamp,\n    PodName=Name1,\n    level=Message.level,\n    msg=Message.message,\n    stacktrace=replace_regex(strcat_array(Message.exception.frames, '\\n'),\"({\\\"class\\\":|\\\"method\\\":|\\\"line\\\":|})\",\"\")\n\n",
      "SearchIntervalStartTimeUtc": "2021-10-23T14:43:25Z",
      "SearchIntervalEndtimeUtc": "2021-10-23T14:48:25Z",
      "ResultCount": 1,
      "LinkToSearchResults": "https://portal.azure.com#@ce849bab-cc1c-465b-b62e-18f07c9ac198/blade/Microsoft_Azure_Monitoring_Logs/LogsBlade/source/Alerts.EmailLinks/scope/%7B%22resources%22%3A%5B%7B%22resourceId%22%3A%22%2Fsubscriptions%2Ffca564c9-6b4e-4ece-87db-49cba4e01a9f%2Fresourcegroups%2Frg-stefan-common-test%2Fproviders%2Fmicrosoft.operationalinsights%2Fworkspaces%2Flog-stefan-52518386cc33022de894%22%7D%5D%7D/q/eJxtUctqwzAQvPsrFl1igwnNteBTGkrok7THQFDkra3Elox286Lpv1eW4pJAdbDWszM76%2FHUGpbaoHu2VXKGjdUGttqUhTYeBEgT8Odpt8Z3W87NHg1bdwrgGQ41OgTf%2BGDJO4JaEojFzhhtKhE4%2FZGmhFfZIhBLx3TQXK%2BUJx5qyZpE4FwGWld60%2FUJPnWLj%2Bg3kIwllEjqwmC5RZjcXWlKTayNYpgOnzJ%2FyMOLs02DrrfOIT6nzY44QlmQW3Mt8wF0zm5QcWjeLJEH6GrABbj1CVhfTWL5gkSyQiigk45wtSFrUh%2F1zKtOWTJEeKGNG9xjE2OcLRZvC%2FHPRj7FtsNikPAARUP%2FM3r74mqHMLS4sYiNlqo%2FuI13bPh5astOKiwcdo2%2FVw4rPKbETkleSefkKR2keFTYsbZm%2FOW8K%2BUwWppRlov0eylUI4mW4v68FC1ybctYNz7wvvrJRC5EliS%2F/prettify/1/timespan/2021-10-23T14%3a43%3a25.0000000Z%2f2021-10-23T14%3a48%3a25.0000000Z",
      "LinkToFilteredSearchResultsUI": "https://portal.azure.com#@ce849bab-cc1c-465b-b62e-18f07c9ac198/blade/Microsoft_Azure_Monitoring_Logs/LogsBlade/source/Alerts.EmailLinks/scope/%7B%22resources%22%3A%5B%7B%22resourceId%22%3A%22%2Fsubscriptions%2Ffca564c9-6b4e-4ece-87db-49cba4e01a9f%2Fresourcegroups%2Frg-stefan-common-test%2Fproviders%2Fmicrosoft.operationalinsights%2Fworkspaces%2Flog-stefan-52518386cc33022de894%22%7D%5D%7D/q/eJxtUctqwzAQvPsrFl1igwnNteBTGkrok7THQFDkra3Elox286Lpv1eW4pJAdbDWszM76%2FHUGpbaoHu2VXKGjdUGttqUhTYeBEgT8Odpt8Z3W87NHg1bdwrgGQ41OgTf%2BGDJO4JaEojFzhhtKhE4%2FZGmhFfZIhBLx3TQXK%2BUJx5qyZpE4FwGWld60%2FUJPnWLj%2Bg3kIwllEjqwmC5RZjcXWlKTayNYpgOnzJ%2FyMOLs02DrrfOIT6nzY44QlmQW3Mt8wF0zm5QcWjeLJEH6GrABbj1CVhfTWL5gkSyQiigk45wtSFrUh%2F1zKtOWTJEeKGNG9xjE2OcLRZvC%2FHPRj7FtsNikPAARUP%2FM3r74mqHMLS4sYiNlqo%2FuI13bPh5astOKiwcdo2%2FVw4rPKbETkleSefkKR2keFTYsbZm%2FOW8K%2BUwWppRlov0eylUI4mW4v68FC1ybctYNz7wvvrJRC5EliS%2F/prettify/1/timespan/2021-10-23T14%3a43%3a25.0000000Z%2f2021-10-23T14%3a48%3a25.0000000Z",
      "LinkToSearchResultsAPI": "https://api.loganalytics.io/v1/workspaces/b3110671-decf-444c-9fc0-0fd0e63d6f5b/query?query=ContainerLog%0A%7C%20join%20kind%3Dinner%20%20%28%0A%20%20%20%20KubePodInventory%0A%20%20%20%20%7C%20where%20PodStatus%20has%20%22Running%22%0A%20%20%20%20%20%20%20%20and%20Name%20startswith_cs%20%22whatis%22%20%20%20%20%20%0A%20%20%20%20%7C%20order%20by%20TimeGenerated%20desc%0A%20%20%20%20%7C%20take%2010%20%20%20%20%0A%20%20%20%20%7C%20distinct%20ContainerID%2C%20ControllerName%2C%20Name%2C%20ClusterName%29%0A%20%20%20%20on%20ContainerID%0A%7C%20project%0A%20%20%20%20TimeGenerated%2C%0A%20%20%20%20ClusterName%2C%0A%20%20%20%20ControllerName%2C%0A%20%20%20%20Name1%2C%0A%20%20%20%20Message%20%3D%20parse_json%28LogEntry%29%0A%7C%20where%20Message.level%20has%20%22ERROR%22%0A%7C%20project%0A%20%20%20%20Timestampe%3DMessage.timestamp%2C%0A%20%20%20%20PodName%3DName1%2C%0A%20%20%20%20level%3DMessage.level%2C%0A%20%20%20%20msg%3DMessage.message%2C%0A%20%20%20%20stacktrace%3Dreplace_regex%28strcat_array%28Message.exception.frames%2C%20%27%5Cn%27%29%2C%22%28%7B%5C%22class%5C%22%3A%7C%5C%22method%5C%22%3A%7C%5C%22line%5C%22%3A%7C%7D%29%22%2C%22%22%29%0A%0A&timespan=2021-10-23T14%3a43%3a25.0000000Z%2f2021-10-23T14%3a48%3a25.0000000Z",
      "LinkToFilteredSearchResultsAPI": "https://api.loganalytics.io/v1/workspaces/b3110671-decf-444c-9fc0-0fd0e63d6f5b/query?query=ContainerLog%0A%7C%20join%20kind%3Dinner%20%20%28%0A%20%20%20%20KubePodInventory%0A%20%20%20%20%7C%20where%20PodStatus%20has%20%22Running%22%0A%20%20%20%20%20%20%20%20and%20Name%20startswith_cs%20%22whatis%22%20%20%20%20%20%0A%20%20%20%20%7C%20order%20by%20TimeGenerated%20desc%0A%20%20%20%20%7C%20take%2010%20%20%20%20%0A%20%20%20%20%7C%20distinct%20ContainerID%2C%20ControllerName%2C%20Name%2C%20ClusterName%29%0A%20%20%20%20on%20ContainerID%0A%7C%20project%0A%20%20%20%20TimeGenerated%2C%0A%20%20%20%20ClusterName%2C%0A%20%20%20%20ControllerName%2C%0A%20%20%20%20Name1%2C%0A%20%20%20%20Message%20%3D%20parse_json%28LogEntry%29%0A%7C%20where%20Message.level%20has%20%22ERROR%22%0A%7C%20project%0A%20%20%20%20Timestampe%3DMessage.timestamp%2C%0A%20%20%20%20PodName%3DName1%2C%0A%20%20%20%20level%3DMessage.level%2C%0A%20%20%20%20msg%3DMessage.message%2C%0A%20%20%20%20stacktrace%3Dreplace_regex%28strcat_array%28Message.exception.frames%2C%20%27%5Cn%27%29%2C%22%28%7B%5C%22class%5C%22%3A%7C%5C%22method%5C%22%3A%7C%5C%22line%5C%22%3A%7C%7D%29%22%2C%22%22%29%0A%0A&timespan=2021-10-23T14%3a43%3a25.0000000Z%2f2021-10-23T14%3a48%3a25.0000000Z",
      "SeverityDescription": "Informational",
      "WorkspaceId": "b3110671-decf-444c-9fc0-0fd0e63d6f5b",
      "SearchIntervalDurationMin": "5",
      "AffectedConfigurationItems": [],
      "AlertType": "Number of results",
      "IncludeSearchResults": true,
      "SearchIntervalInMinutes": "5",
      "SearchResults": {
        "tables": [
          {
            "name": "PrimaryResult",
            "columns": [
              {
                "name": "Timestampe",
                "type": "dynamic"
              },
              {
                "name": "PodName",
                "type": "string"
              },
              {
                "name": "level",
                "type": "dynamic"
              },
              {
                "name": "msg",
                "type": "dynamic"
              },
              {
                "name": "stacktrace",
                "type": "string"
              }
            ],
            "rows": [
              [
                "2021-10-23T14:46:06.007Z",
                "whatismyipaddress-5f96f58cfb-zlh8p",
                "ERROR",
                "Stefan_was_here_exception",
                "\"de.bender.exception.boundary.LogExceptionResource\",\"generateStackTrace\",30\n\"de.bender.exception.boundary.LogExceptionResource\",\"generateStackTrace\",31\n\"de.bender.exception.boundary.LogExceptionResource\",\"generateStackTrace\",31\n\"de.bender.exception.boundary.LogExceptionResource\",\"generateStackTrace\",31\n\"de.bender.exception.boundary.LogExceptionResource\",\"generateStackTrace\",31\n\"de.bender.exception.boundary.LogExceptionResource\",\"generateStackTrace\",31\n\"de.bender.exception.boundary.LogExceptionResource\",\"generateStackTrace\",31\n\"de.bender.exception.boundary.LogExceptionResource\",\"generateStackTrace\",31\n\"de.bender.exception.boundary.LogExceptionResource\",\"generateStackTrace\",31\n\"de.bender.exception.boundary.LogExceptionResource\",\"generateStackTrace\",31\n\"de.bender.exception.boundary.LogExceptionResource\",\"generateStackTrace\",31\n\"de.bender.exception.boundary.LogExceptionResource\",\"generateStackTrace\",31\n\"de.bender.exception.boundary.LogExceptionResource\",\"produceException\",22\n\"jdk.internal.reflect.NativeMethodAccessorImpl\",\"invoke0\"\n\"jdk.internal.reflect.NativeMethodAccessorImpl\",\"invoke\",62\n\"jdk.internal.reflect.DelegatingMethodAccessorImpl\",\"invoke\",43\n\"java.lang.reflect.Method\",\"invoke\",566\n\"org.jboss.resteasy.core.MethodInjectorImpl\",\"invoke\",170\n\"org.jboss.resteasy.core.MethodInjectorImpl\",\"invoke\",130\n\"org.jboss.resteasy.core.ResourceMethodInvoker\",\"internalInvokeOnTarget\",660\n\"org.jboss.resteasy.core.ResourceMethodInvoker\",\"invokeOnTargetAfterFilter\",524\n\"org.jboss.resteasy.core.ResourceMethodInvoker\",\"lambda$invokeOnTarget$2\",474\n\"org.jboss.resteasy.core.interception.jaxrs.PreMatchContainerRequestContext\",\"filter\",364\n\"org.jboss.resteasy.core.ResourceMethodInvoker\",\"invokeOnTarget\",476\n\"org.jboss.resteasy.core.ResourceMethodInvoker\",\"invoke\",434\n\"org.jboss.resteasy.core.ResourceMethodInvoker\",\"invoke\",408\n\"org.jboss.resteasy.core.ResourceMethodInvoker\",\"invoke\",69\n\"org.jboss.resteasy.core.SynchronousDispatcher\",\"invoke\",492\n\"org.jboss.resteasy.core.SynchronousDispatcher\",\"lambda$invoke$4\",261\n\"org.jboss.resteasy.core.SynchronousDispatcher\",\"lambda$preprocess$0\",161\n\"org.jboss.resteasy.core.interception.jaxrs.PreMatchContainerRequestContext\",\"filter\",364\n\"org.jboss.resteasy.core.SynchronousDispatcher\",\"preprocess\",164\n\"org.jboss.resteasy.core.SynchronousDispatcher\",\"invoke\",247\n\"io.quarkus.resteasy.runtime.standalone.RequestDispatcher\",\"service\",73\n\"io.quarkus.resteasy.runtime.standalone.VertxRequestHandler\",\"dispatch\",138\n\"io.quarkus.resteasy.runtime.standalone.VertxRequestHandler$1\",\"run\",93\n\"io.quarkus.vertx.core.runtime.VertxCoreRecorder$13\",\"runWith\",536\n\"org.jboss.threads.EnhancedQueueExecutor$Task\",\"run\",2449\n\"org.jboss.threads.EnhancedQueueExecutor$ThreadBody\",\"run\",1478\n\"org.jboss.threads.DelegatingRunnable\",\"run\",29\n\"org.jboss.threads.ThreadLocalResettingRunnable\",\"run\",29\n\"io.netty.util.concurrent.FastThreadLocalRunnable\",\"run\",30\n\"java.lang.Thread\",\"run\",829"
              ]
            ]
          }
        ],
        "dataSources": [
          {
            "resourceId": "/subscriptions/fca564c9-6b4e-4ece-87db-49cba4e01a9f/resourcegroups/rg-stefan-common-test/providers/microsoft.operationalinsights/workspaces/log-stefan-52518386cc33022de894",
            "region": "westeurope",
            "tables": [
              "ContainerLog",
              "KubePodInventory"
            ]
          }
        ]
      },
      "Threshold": 1,
      "Operator": "Greater Than Or Equal To",
      "IncludedSearchResults": "True"
    }
  }
}