{
  "schemaId": "azureMonitorCommonAlertSchema",
  "data": {
    "essentials": {
      "alertId": "/subscriptions/e926b31e-c0de-45a7-888b-94061ee34579/providers/Microsoft.AlertsManagement/alerts/6a6b9fb7-2588-c821-1c29-5e7368a196b5",
      "alertRule": "LogEntry-queryrulesalert-2021-10-07-12-46-11_UTC",
      "severity": "Sev1",
      "signalType": "Log",
      "monitorCondition": "Fired",
      "monitoringService": "Log Analytics",
      "alertTargetIDs": [
        "/subscriptions/e926b31e-c0de-45a7-888b-94061ee34579/resourcegroups/rg-psbomhub-stage-int/providers/microsoft.operationalinsights/workspaces/log-psbomhub-int-4f3fd49df5a0e379d863"
      ],
      "configurationItems": [],
      "originAlertId": "5ed2dd4d-d956-42dd-bad7-4be762cb6e6b",
      "firedDateTime": "2021-10-25T02:27:10.49647Z",
      "description": "",
      "essentialsVersion": "1.0",
      "alertContextVersion": "1.1"
    },
    "alertContext": {
      "SearchQuery": "let PodList=dynamic([\"infrastructure-reverse-proxy\", \"infrastructure-solr\", \"infrastructure-zookeeper\",\n                     \"iqs-datafreshness-v5\", \"iqs-server-v10\", \"iqs-server-v11\", \"iqs-version-v5\",\n                     \"loader-control-jenkins\", \"loader-disporelevance-blacklist\", \"loader-ifd\", \"loader-les\",\n                     \"loader-lterm-dating\", \"loader-lterm-ilevel\", \"loader-mstais\", \"loader-mstais-squsi\",\n                     \"loader-psdh\", \"loader-sap-plant\", \"loader-tais\", \"loader-uis\", \"structure-data-importer\",\n                     \"ui\", \"ui-b4f\", \"ui-comparison\", \"ui-user-preferences\", \"zak-service-v1\"\n                    ]);\nlet SeverityList=dynamic([\"SEVERE\", \"ERROR\", \"FATAL\"]);\nlet Environment=dynamic([\"int2\", \"prod\"]);\nlet TimeInterval=ago(5m);\nContainerLog\n| extend LogEntry=parse_json(LogEntry)\n      | extend LogEntryDate=todatetime(LogEntry[\"@timestamp\"])\n      | extend LogLevel=dynamic_to_json(LogEntry.level)\n      | extend LogMessage=case(\n          isnotempty(LogEntry.log_message), LogEntry.log_message,\n          isnotempty(LogEntry.throwable), LogEntry.throwable,\n          \"No log entry stored\"\n          )\n| extend ServiceName=split(Name, '/')[1]\n| extend ImageTag=split(Image, ':')[1]\n| extend Tags=split(ImageTag, '-')\n| extend Env=Tags[0]\n| extend Version=strcat_array(array_slice(Tags, 1, -1), '-')\n| where LogLevel has_any (SeverityList) and ServiceName has_any (PodList) and Env has_any (Environment) and TimeGenerated > TimeInterval\n| project LogEntryDate, LogLevel, ServiceName, Env, Version, LogMessage\n| order by LogEntryDate asc\n",
      "SearchIntervalStartTimeUtc": "2021-10-25T02:21:37Z",
      "SearchIntervalEndtimeUtc": "2021-10-25T02:26:37Z",
      "ResultCount": 1,
      "LinkToSearchResults": "https://portal.azure.com#@ce849bab-cc1c-465b-b62e-18f07c9ac198/blade/Microsoft_Azure_Monitoring_Logs/LogsBlade/source/Alerts.EmailLinks/scope/%7B%22resources%22%3A%5B%7B%22resourceId%22%3A%22%2Fsubscriptions%2Fe926b31e-c0de-45a7-888b-94061ee34579%2FresourceGroups%2Frg-psbomhub-stage-int%2Fproviders%2FMicrosoft.OperationalInsights%2Fworkspaces%2Flog-psbomhub-int-4f3fd49df5a0e379d863%22%7D%5D%7D/q/eJyFVF1v0zAUfe%2BvsPqyRIpHUxhIQ0FMUNCkMVBX7YFqqtzktvXq2Jmv2y0TP57r9MvtCstDFB%2Bfc798HAWO%2FTLFlUSXFbUWpcyjYVvqiRXo7CJ3CwvcwhIsAq%2BsearbCTvcR6PsEfjZmDlABbTXYseetnxAXggnJhZwpgGRL8%2BaQIQjWMrKl2nnBZJuEF%2BWNLpR%2FSOFMqIgUW60s0bxe9BzqdEHWO8UEitjQcFS6Bz4WIl8rmgcAUVOimClAF%2FLphzY0ncm9TRUNrCkVKACuEQnJL4AOD4sUL6WqsJiFkhRVLxSQoflH0RfrFa7c%2FInwGVJU3D%2FOauF9KqF5ON3k%2FVXbspKWIlGr4EF%2BoosTMACDbPJ8yzmzclJGu4ybR%2BNfhd%2FbCly4o03mnT1gR1vere9fs8H6%2FX7P%2Fv%2B49vF4OKqvdH19FJao0vQ%2By52Xc8l2xZb6kCWcKmp0aVQWUStgyMk6na6KU87vHs26HTPu%2B%2FP33447aye3zHj7Kwk%2FRcykZAa7JWZtv4weHKgC0aLHpmrzmgWCKN7Gke0weJ1uy%2FIXylx5sw2%2FwYftj%2F7NRmgrKjmI%2FIr755NlyNn9hOeNuY6pvtB10tMIcsFQhScgkRtHJSVq4MgZjoqV%2Fw4Ycfg5JUIbmbNoxirPf0WDNXta8MoMANPYejoLhahS%2BLdpG9WNroWJWRYKeki%2F5mwkzcn8TC92xEvSypxIKZrVrMk2vkBjRgYUmhNLH4SpCRnZZ427AS629VvJ6MrlAs3EtaKOmreI1RUYOQVCUsTxtN4G%2FFxRrdie4JsJnAkdM2i0PQxE%2Ft97mjrv%2FSKQWXtdgL3r3a9x78D%2BZTcVbBPe56nQug%2B3EPu9ryYbAtLwvSJz5RsGk4CH1EcY%2Bl3wsb1XiAmMG%2F9BQ%3D%3D/prettify/1/timespan/2021-10-25T02%3a21%3a37.0000000Z%2f2021-10-25T02%3a26%3a37.0000000Z",
      "LinkToFilteredSearchResultsUI": "https://portal.azure.com#@ce849bab-cc1c-465b-b62e-18f07c9ac198/blade/Microsoft_Azure_Monitoring_Logs/LogsBlade/source/Alerts.EmailLinks/scope/%7B%22resources%22%3A%5B%7B%22resourceId%22%3A%22%2Fsubscriptions%2Fe926b31e-c0de-45a7-888b-94061ee34579%2FresourceGroups%2Frg-psbomhub-stage-int%2Fproviders%2FMicrosoft.OperationalInsights%2Fworkspaces%2Flog-psbomhub-int-4f3fd49df5a0e379d863%22%7D%5D%7D/q/eJyFVF1v0zAUfe%2BvsPqyRIpHUxhIQ0FMUNCkMVBX7YFqqtzktvXq2Jmv2y0TP57r9MvtCstDFB%2Bfc798HAWO%2FTLFlUSXFbUWpcyjYVvqiRXo7CJ3CwvcwhIsAq%2BsearbCTvcR6PsEfjZmDlABbTXYseetnxAXggnJhZwpgGRL8%2BaQIQjWMrKl2nnBZJuEF%2BWNLpR%2FSOFMqIgUW60s0bxe9BzqdEHWO8UEitjQcFS6Bz4WIl8rmgcAUVOimClAF%2FLphzY0ncm9TRUNrCkVKACuEQnJL4AOD4sUL6WqsJiFkhRVLxSQoflH0RfrFa7c%2FInwGVJU3D%2FOauF9KqF5ON3k%2FVXbspKWIlGr4EF%2BoosTMACDbPJ8yzmzclJGu4ybR%2BNfhd%2FbCly4o03mnT1gR1vere9fs8H6%2FX7P%2Fv%2B49vF4OKqvdH19FJao0vQ%2By52Xc8l2xZb6kCWcKmp0aVQWUStgyMk6na6KU87vHs26HTPu%2B%2FP33447aye3zHj7Kwk%2FRcykZAa7JWZtv4weHKgC0aLHpmrzmgWCKN7Gke0weJ1uy%2FIXylx5sw2%2FwYftj%2F7NRmgrKjmI%2FIr755NlyNn9hOeNuY6pvtB10tMIcsFQhScgkRtHJSVq4MgZjoqV%2Fw4Ycfg5JUIbmbNoxirPf0WDNXta8MoMANPYejoLhahS%2BLdpG9WNroWJWRYKeki%2F5mwkzcn8TC92xEvSypxIKZrVrMk2vkBjRgYUmhNLH4SpCRnZZ427AS629VvJ6MrlAs3EtaKOmreI1RUYOQVCUsTxtN4G%2FFxRrdie4JsJnAkdM2i0PQxE%2Ft97mjrv%2FSKQWXtdgL3r3a9x78D%2BZTcVbBPe56nQug%2B3EPu9ryYbAtLwvSJz5RsGk4CH1EcY%2Bl3wsb1XiAmMG%2F9BQ%3D%3D/prettify/1/timespan/2021-10-25T02%3a21%3a37.0000000Z%2f2021-10-25T02%3a26%3a37.0000000Z",
      "LinkToSearchResultsAPI": "https://api.loganalytics.io/v1/workspaces/4f956eb9-398e-4937-b0d5-cec21cf868b9/query?query=let%20PodList%3Ddynamic%28%5B%22infrastructure-reverse-proxy%22%2C%20%22infrastructure-solr%22%2C%20%22infrastructure-zookeeper%22%2C%0A%20%20%20%20%20%20%20%20%20%20%20%20%20%20%20%20%20%20%20%20%20%22iqs-datafreshness-v5%22%2C%20%22iqs-server-v10%22%2C%20%22iqs-server-v11%22%2C%20%22iqs-version-v5%22%2C%0A%20%20%20%20%20%20%20%20%20%20%20%20%20%20%20%20%20%20%20%20%20%22loader-control-jenkins%22%2C%20%22loader-disporelevance-blacklist%22%2C%20%22loader-ifd%22%2C%20%22loader-les%22%2C%0A%20%20%20%20%20%20%20%20%20%20%20%20%20%20%20%20%20%20%20%20%20%22loader-lterm-dating%22%2C%20%22loader-lterm-ilevel%22%2C%20%22loader-mstais%22%2C%20%22loader-mstais-squsi%22%2C%0A%20%20%20%20%20%20%20%20%20%20%20%20%20%20%20%20%20%20%20%20%20%22loader-psdh%22%2C%20%22loader-sap-plant%22%2C%20%22loader-tais%22%2C%20%22loader-uis%22%2C%20%22structure-data-importer%22%2C%0A%20%20%20%20%20%20%20%20%20%20%20%20%20%20%20%20%20%20%20%20%20%22ui%22%2C%20%22ui-b4f%22%2C%20%22ui-comparison%22%2C%20%22ui-user-preferences%22%2C%20%22zak-service-v1%22%0A%20%20%20%20%20%20%20%20%20%20%20%20%20%20%20%20%20%20%20%20%5D%29%3B%0Alet%20SeverityList%3Ddynamic%28%5B%22SEVERE%22%2C%20%22ERROR%22%2C%20%22FATAL%22%5D%29%3B%0Alet%20Environment%3Ddynamic%28%5B%22int2%22%2C%20%22prod%22%5D%29%3B%0Alet%20TimeInterval%3D%28datetime%282021-10-25T02%3A26%3A37.0000000Z%29%20-%205m%29%3B%0AContainerLog%0A%7C%20extend%20LogEntry%3Dparse_json%28LogEntry%29%0A%20%20%20%20%20%20%7C%20extend%20LogEntryDate%3Dtodatetime%28LogEntry%5B%22%40timestamp%22%5D%29%0A%20%20%20%20%20%20%7C%20extend%20LogLevel%3Ddynamic_to_json%28LogEntry.level%29%0A%20%20%20%20%20%20%7C%20extend%20LogMessage%3Dcase%28%0A%20%20%20%20%20%20%20%20%20%20isnotempty%28LogEntry.log_message%29%2C%20LogEntry.log_message%2C%0A%20%20%20%20%20%20%20%20%20%20isnotempty%28LogEntry.throwable%29%2C%20LogEntry.throwable%2C%0A%20%20%20%20%20%20%20%20%20%20%22No%20log%20entry%20stored%22%0A%20%20%20%20%20%20%20%20%20%20%29%0A%7C%20extend%20ServiceName%3Dsplit%28Name%2C%20%27%2F%27%29%5B1%5D%0A%7C%20extend%20ImageTag%3Dsplit%28Image%2C%20%27%3A%27%29%5B1%5D%0A%7C%20extend%20Tags%3Dsplit%28ImageTag%2C%20%27-%27%29%0A%7C%20extend%20Env%3DTags%5B0%5D%0A%7C%20extend%20Version%3Dstrcat_array%28array_slice%28Tags%2C%201%2C%20-1%29%2C%20%27-%27%29%0A%7C%20where%20LogLevel%20has_any%20%28SeverityList%29%20and%20ServiceName%20has_any%20%28PodList%29%20and%20Env%20has_any%20%28Environment%29%20and%20TimeGenerated%20%3E%20TimeInterval%0A%7C%20project%20LogEntryDate%2C%20LogLevel%2C%20ServiceName%2C%20Env%2C%20Version%2C%20LogMessage%0A%7C%20order%20by%20LogEntryDate%20asc%0A&timespan=2021-10-25T02%3a21%3a37.0000000Z%2f2021-10-25T02%3a26%3a37.0000000Z",
      "LinkToFilteredSearchResultsAPI": "https://api.loganalytics.io/v1/workspaces/4f956eb9-398e-4937-b0d5-cec21cf868b9/query?query=let%20PodList%3Ddynamic%28%5B%22infrastructure-reverse-proxy%22%2C%20%22infrastructure-solr%22%2C%20%22infrastructure-zookeeper%22%2C%0A%20%20%20%20%20%20%20%20%20%20%20%20%20%20%20%20%20%20%20%20%20%22iqs-datafreshness-v5%22%2C%20%22iqs-server-v10%22%2C%20%22iqs-server-v11%22%2C%20%22iqs-version-v5%22%2C%0A%20%20%20%20%20%20%20%20%20%20%20%20%20%20%20%20%20%20%20%20%20%22loader-control-jenkins%22%2C%20%22loader-disporelevance-blacklist%22%2C%20%22loader-ifd%22%2C%20%22loader-les%22%2C%0A%20%20%20%20%20%20%20%20%20%20%20%20%20%20%20%20%20%20%20%20%20%22loader-lterm-dating%22%2C%20%22loader-lterm-ilevel%22%2C%20%22loader-mstais%22%2C%20%22loader-mstais-squsi%22%2C%0A%20%20%20%20%20%20%20%20%20%20%20%20%20%20%20%20%20%20%20%20%20%22loader-psdh%22%2C%20%22loader-sap-plant%22%2C%20%22loader-tais%22%2C%20%22loader-uis%22%2C%20%22structure-data-importer%22%2C%0A%20%20%20%20%20%20%20%20%20%20%20%20%20%20%20%20%20%20%20%20%20%22ui%22%2C%20%22ui-b4f%22%2C%20%22ui-comparison%22%2C%20%22ui-user-preferences%22%2C%20%22zak-service-v1%22%0A%20%20%20%20%20%20%20%20%20%20%20%20%20%20%20%20%20%20%20%20%5D%29%3B%0Alet%20SeverityList%3Ddynamic%28%5B%22SEVERE%22%2C%20%22ERROR%22%2C%20%22FATAL%22%5D%29%3B%0Alet%20Environment%3Ddynamic%28%5B%22int2%22%2C%20%22prod%22%5D%29%3B%0Alet%20TimeInterval%3D%28datetime%282021-10-25T02%3A26%3A37.0000000Z%29%20-%205m%29%3B%0AContainerLog%0A%7C%20extend%20LogEntry%3Dparse_json%28LogEntry%29%0A%20%20%20%20%20%20%7C%20extend%20LogEntryDate%3Dtodatetime%28LogEntry%5B%22%40timestamp%22%5D%29%0A%20%20%20%20%20%20%7C%20extend%20LogLevel%3Ddynamic_to_json%28LogEntry.level%29%0A%20%20%20%20%20%20%7C%20extend%20LogMessage%3Dcase%28%0A%20%20%20%20%20%20%20%20%20%20isnotempty%28LogEntry.log_message%29%2C%20LogEntry.log_message%2C%0A%20%20%20%20%20%20%20%20%20%20isnotempty%28LogEntry.throwable%29%2C%20LogEntry.throwable%2C%0A%20%20%20%20%20%20%20%20%20%20%22No%20log%20entry%20stored%22%0A%20%20%20%20%20%20%20%20%20%20%29%0A%7C%20extend%20ServiceName%3Dsplit%28Name%2C%20%27%2F%27%29%5B1%5D%0A%7C%20extend%20ImageTag%3Dsplit%28Image%2C%20%27%3A%27%29%5B1%5D%0A%7C%20extend%20Tags%3Dsplit%28ImageTag%2C%20%27-%27%29%0A%7C%20extend%20Env%3DTags%5B0%5D%0A%7C%20extend%20Version%3Dstrcat_array%28array_slice%28Tags%2C%201%2C%20-1%29%2C%20%27-%27%29%0A%7C%20where%20LogLevel%20has_any%20%28SeverityList%29%20and%20ServiceName%20has_any%20%28PodList%29%20and%20Env%20has_any%20%28Environment%29%20and%20TimeGenerated%20%3E%20TimeInterval%0A%7C%20project%20LogEntryDate%2C%20LogLevel%2C%20ServiceName%2C%20Env%2C%20Version%2C%20LogMessage%0A%7C%20order%20by%20LogEntryDate%20asc%0A&timespan=2021-10-25T02%3a21%3a37.0000000Z%2f2021-10-25T02%3a26%3a37.0000000Z",
      "SeverityDescription": "Error",
      "WorkspaceId": "4f956eb9-398e-4937-b0d5-cec21cf868b9",
      "SearchIntervalDurationMin": "5",
      "AffectedConfigurationItems": [],
      "AlertType": "Number of results",
      "IncludeSearchResults": true,
      "SearchIntervalInMinutes": "5",
      "SearchResults": {
        "tables": [
          {
            "name": "PrimaryResult",
            "columns": [
              {
                "name": "LogEntryDate",
                "type": "datetime"
              },
              {
                "name": "LogLevel",
                "type": "string"
              },
              {
                "name": "ServiceName",
                "type": "dynamic"
              },
              {
                "name": "Env",
                "type": "dynamic"
              },
              {
                "name": "Version",
                "type": "string"
              },
              {
                "name": "LogMessage",
                "type": "string"
              }
            ],
            "rows": [
              [
                "2021-10-25T02:25:54.67Z",
                "SEVERE",
                "loader-lterm-dating",
                "int2",
                "17.57.0-06341fd-SNAPSHOT",
                "{\"exception\":\"Error determination of the number of messages in the queue! Queue contains at least 0 messages.\",\"stack_trace\":\"com.ibm.msg.client.jms.DetailedJMSException: MQJCA1011: Failed to allocate a JMS connection.\\nAn internal error caused an attempt to allocate a connection to fail.\\nSee the linked exception for details of the failure.\\n\\tat com.ibm.mq.connector.services.JCAExceptionBuilder.buildException(JCAExceptionBuilder.java:184)\\n\\tat com.ibm.mq.connector.services.JCAExceptionBuilder.buildException(JCAExceptionBuilder.java:135)\\n\\tat com.ibm.mq.connector.outbound.ConnectionFactoryImpl.createManagedJMSConnection(ConnectionFactoryImpl.java:402)\\n\\tat com.ibm.mq.connector.outbound.ConnectionFactoryImpl.createConnectionInternal(ConnectionFactoryImpl.java:252)\\n\\tat com.ibm.mq.connector.outbound.ConnectionFactoryImpl.createConnection(ConnectionFactoryImpl.java:225)\\n\\tat com.ibm.mq.connector.outbound.ConnectionFactoryImpl.createConnection(ConnectionFactoryImpl.java:201)\\n\\tat com.bmw.psmg.hub.loader.common.queue.control.QueueOpsApiImpl.getLength(QueueOpsApiImpl.java:158)\\n\\tat com.bmw.psmg.hub.loader.lterm.common.metrics.LtermQueueMetrics.updateQueueSize(LtermQueueMetrics.java:77)\\n\\tat jdk.internal.reflect.GeneratedMethodAccessor118.invoke(Unknown Source)\\n\\tat java.base/jdk.internal.reflect.DelegatingMethodAccessorImpl.invoke(DelegatingMethodAccessorImpl.java:43)\\n\\tat java.base/java.lang.reflect.Method.invoke(Method.java:566)\\n\\tat org.glassfish.ejb.security.application.EJBSecurityManager.runMethod(EJBSecurityManager.java:588)\\n\\tat org.glassfish.ejb.security.application.EJBSecurityManager.invoke(EJBSecurityManager.java:408)\\n\\tat com.sun.ejb.containers.BaseContainer.invokeBeanMethod(BaseContainer.java:4791)\\n\\tat com.sun.ejb.EjbInvocation.invokeBeanMethod(EjbInvocation.java:665)\\n\\tat com.sun.ejb.containers.interceptors.AroundInvokeChainImpl.invokeNext(InterceptorManager.java:836)\\n\\tat com.sun.ejb.EjbInvocation.proceed(EjbInvocation.java:615)\\n\\tat com.sun.ejb.containers.interceptors.SystemInterceptorProxy.doCall(SystemInterceptorProxy.java:163)\\n\\tat com.sun.ejb.containers.interceptors.SystemInterceptorProxy.aroundTimeout(SystemInterceptorProxy.java:145)\\n\\tat jdk.internal.reflect.GeneratedMethodAccessor117.invoke(Unknown Source)\\n\\tat java.base/jdk.internal.reflect.DelegatingMethodAccessorImpl.invoke(DelegatingMethodAccessorImpl.java:43)\\n\\tat java.base/java.lang.reflect.Method.invoke(Method.java:566)\\n\\tat com.sun.ejb.containers.interceptors.AroundInvokeInterceptor.intercept(InterceptorManager.java:895)\\n\\tat com.sun.ejb.containers.interceptors.AroundInvokeChainImpl.invokeNext(InterceptorManager.java:835)\\n\\tat com.sun.ejb.EjbInvocation.proceed(EjbInvocation.java:615)\\n\\tat org.jboss.weld.module.ejb.AbstractEJBRequestScopeActivationInterceptor.aroundInvoke(AbstractEJBRequestScopeActivationInterceptor.java:81)\\n\\tat org.jboss.weld.module.ejb.SessionBeanInterceptor.aroundInvoke(SessionBeanInterceptor.java:52)\\n\\tat jdk.internal.reflect.GeneratedMethodAccessor116.invoke(Unknown Source)\\n\\tat java.base/jdk.internal.reflect.DelegatingMethodAccessorImpl.invoke(DelegatingMethodAccessorImpl.java:43)\\n\\tat java.base/java.lang.reflect.Method.invoke(Method.java:566)\\n\\tat com.sun.ejb.containers.interceptors.AroundInvokeInterceptor.intercept(InterceptorManager.java:895)\\n\\tat com.sun.ejb.containers.interceptors.AroundInvokeChainImpl.invokeNext(InterceptorManager.java:835)\\n\\tat com.sun.ejb.containers.interceptors.InterceptorManager.intercept(InterceptorManager.java:374)\\n\\tat com.sun.ejb.containers.BaseContainer.__intercept(BaseContainer.java:4763)\\n\\tat com.sun.ejb.containers.BaseContainer.intercept(BaseContainer.java:4751)\\n\\tat com.sun.ejb.containers.BaseContainer.callEJBTimeout(BaseContainer.java:4017)\\n\\tat com.sun.ejb.containers.EJBTimerService.deliverTimeout(EJBTimerService.java:1208)\\n\\tat com.sun.ejb.containers.EJBTimerService.access$000(EJBTimerService.java:96)\\n\\tat com.sun.ejb.containers.EJBTimerService$TaskExpiredWork.run(EJBTimerService.java:1927)\\n\\tat java.base/java.util.concurrent.Executors$RunnableAdapter.call(Executors.java:515)\\n\\tat java.base/java.util.concurrent.FutureTask.run(FutureTask.java:264)\\n\\tat java.base/java.util.concurrent.ThreadPoolExecutor.runWorker(ThreadPoolExecutor.java:1128)\\n\\tat java.base/java.util.concurrent.ThreadPoolExecutor$Worker.run(ThreadPoolExecutor.java:628)\\n\\tat java.base/java.lang.Thread.run(Thread.java:834)\\nCaused by: com.sun.appserv.connectors.internal.api.PoolingException: MQJCA1013: Failed to obtain an XAResource object., error code: MQJCA1013\\n\\tat com.sun.enterprise.resource.allocator.ConnectorAllocator.fillInResourceObjects(ConnectorAllocator.java:194)\\n\\tat com.sun.enterprise.resource.pool.ConnectionPool.getResource(ConnectionPool.java:505)\\n\\tat com.sun.enterprise.resource.pool.PoolManagerImpl.getResourceFromPool(PoolManagerImpl.java:244)\\n\\tat com.sun.enterprise.resource.pool.PoolManagerImpl.getResource(PoolManagerImpl.java:171)\\n\\tat com.sun.enterprise.connectors.ConnectionManagerImpl.getResource(ConnectionManagerImpl.java:354)\\n\\tat com.sun.enterprise.connectors.ConnectionManagerImpl.internalGetConnection(ConnectionManagerImpl.java:307)\\n\\tat com.sun.enterprise.connectors.ConnectionManagerImpl.allocateConnection(ConnectionManagerImpl.java:196)\\n\\tat com.sun.enterprise.connectors.ConnectionManagerImpl.allocateConnection(ConnectionManagerImpl.java:171)\\n\\tat com.sun.enterprise.connectors.ConnectionManagerImpl.allocateConnection(ConnectionManagerImpl.java:166)\\n\\tat com.ibm.mq.connector.outbound.ConnectionFactoryImpl.createManagedJMSConnection(ConnectionFactoryImpl.java:309)\\n\\t... 41 more\\nCaused by: com.ibm.mq.connector.DetailedResourceException: MQJCA1013: Failed to obtain an XAResource object., error code: MQJCA1013 An attempt to access the XAResource object of an XASession object failed. This is an internal error. A linked exception or diagnostic trace might provide additional information.\\n\\tat com.ibm.mq.connector.services.JCAExceptionBuilder.buildException(JCAExceptionBuilder.java:169)\\n\\tat com.ibm.mq.connector.services.JCAExceptionBuilder.buildException(JCAExceptionBuilder.java:135)\\n\\tat com.ibm.mq.connector.outbound.ManagedConnectionImpl.getXAResource(ManagedConnectionImpl.java:698)\\n\\tat com.sun.enterprise.resource.allocator.ConnectorAllocator.fillInResourceObjects(ConnectorAllocator.java:191)\\n\\t... 50 more\\nCaused by: com.ibm.msg.client.jms.DetailedJMSSecurityException: JMSWMQ0018: Failed to connect to queue manager 'I01A02A' with connection mode '1' and host name 'limq45vm.bmwgroup.net(1414)'.\\nCheck the queue manager is started and if running in client mode, check there is a listener running. Please see the linked exception for more information.\\n\\tat com.ibm.msg.client.wmq.common.internal.Reason.reasonToException(Reason.java:531)\\n\\tat com.ibm.msg.client.wmq.common.internal.Reason.createException(Reason.java:215)\\n\\tat com.ibm.msg.client.wmq.internal.WMQSession.connect(WMQSession.java:446)\\n\\tat com.ibm.msg.client.wmq.internal.WMQSession.<init>(WMQSession.java:339)\\n\\tat com.ibm.msg.client.wmq.internal.WMQXASession.<init>(WMQXASession.java:83)\\n\\tat com.ibm.msg.client.wmq.internal.WMQXAConnection.createXASession(WMQXAConnection.java:92)\\n\\tat com.ibm.msg.client.jms.internal.JmsXAConnectionImpl.createXASession(JmsXAConnectionImpl.java:125)\\n\\tat com.ibm.mq.jms.MQXAConnection.createXASession(MQXAConnection.java:79)\\n\\tat com.ibm.mq.connector.outbound.ManagedConnectionImpl.getXAResource(ManagedConnectionImpl.java:636)\\n\\t... 51 more\\nCaused by: com.ibm.mq.MQException: JMSCMQ0001: IBM MQ call failed with compcode '2' ('MQCC_FAILED') reason '2035' ('MQRC_NOT_AUTHORIZED').\\n\\tat com.ibm.msg.client.wmq.common.internal.Reason.createException(Reason.java:203)\\n\\t... 58 more\\n\"}"
              ]
            ]
          }
        ],
        "dataSources": [
          {
            "resourceId": "/subscriptions/e926b31e-c0de-45a7-888b-94061ee34579/resourcegroups/rg-psbomhub-stage-int/providers/microsoft.operationalinsights/workspaces/log-psbomhub-int-4f3fd49df5a0e379d863",
            "region": "westeurope",
            "tables": [
              "ContainerLog"
            ]
          }
        ]
      },
      "Threshold": 0,
      "Operator": "Greater Than",
      "IncludedSearchResults": "True"
    }
  }
}
