{
  "schemaId": "azureMonitorCommonAlertSchema",
  "data": {
    "essentials": {
      "alertId": "/subscriptions/fca564c9-6b4e-4ece-87db-49cba4e01a9f/providers/Microsoft.AlertsManagement/alerts/e3576d34-2ff3-6d18-e207-e3bc8628b50f",
      "alertRule": "example-queryrulesalert-8",
      "severity": "Sev1",
      "signalType": "Log",
      "monitorCondition": "Fired",
      "monitoringService": "Log Analytics",
      "alertTargetIDs": [
        "/subscriptions/fca564c9-6b4e-4ece-87db-49cba4e01a9f/resourcegroups/loganalytics-westeurope-rg/providers/microsoft.operationalinsights/workspaces/loganalytics-westeurope-picop"
      ],
      "configurationItems": [
        "/subscriptions/fca564c9-6b4e-4ece-87db-49cba4e01a9f/resourcegroups/rg-fleckert-common/providers/microsoft.storage/storageaccounts/stafleckert/blobservices/default"
      ],
      "originAlertId": "b0031a7c-b9e6-4b45-8ed6-b693596c1fc7",
      "firedDateTime": "2021-07-01T06:40:49.5437979Z",
      "description": "example-queryrulesalert-8 - Alert when query shows results",
      "essentialsVersion": "1.0",
      "alertContextVersion": "1.1"
    },
    "alertContext": {
      "SearchQuery": "Perf | where ObjectName == \"Processor\" and CounterName == \"% Processor Time\" | summarize AggregatedValue = avg(CounterValue) by bin(TimeGenerated, 5m), Computer",
      "SearchIntervalStartTimeUtc": "3/22/2019 1:36:31 PM",
      "SearchIntervalEndtimeUtc": "3/22/2019 1:51:31 PM",
      "ResultCount  ": 2,
      "LinkToSearchResults": "https://portal.azure.com/#Analyticsblade/search/index?_timeInterval.intervalEnd=2018-03-26T09%3a10%3a40.0000000Z&_timeInterval.intervalDuration=3600&q=Usage",
      "LinkToFilteredSearchResultsUI": "https://portal.azure.com/#Analyticsblade/search/index?_timeInterval.intervalEnd=2018-03-26T09%3a10%3a40.0000000Z&_timeInterval.intervalDuration=3600&q=Usage",
      "LinkToSearchResultsAPI": "https://api.loganalytics.io/v1/workspaces/workspaceID/query?query=Heartbeat&timespan=2020-05-07T18%3a11%3a51.0000000Z%2f2020-05-07T18%3a16%3a51.0000000Z",
      "LinkToFilteredSearchResultsAPI": "https://api.loganalytics.io/v1/workspaces/workspaceID/query?query=Heartbeat&timespan=2020-05-07T18%3a11%3a51.0000000Z%2f2020-05-07T18%3a16%3a51.0000000Z",
      "SeverityDescription": "Warning",
      "WorkspaceId": "12345a-1234b-123c-123d-12345678e",
      "SearchIntervalDurationMin": "15",
      "AffectedConfigurationItems": [
        "INC-Gen2Alert"
      ],
      "SearchIntervalInMinutes": "15",
      "Threshold": 10000,
      "Operator": "Less Than",
      "Dimensions": [
        {
          "name": "Computer",
          "value": "INC-Gen2Alert"
        }
      ],
      "SearchResults": {
        "tables": [
          {
            "name": "PrimaryResult",
            "columns": [
              {
                "name": "$table",
                "type": "string"
              },
              {
                "name": "Computer",
                "type": "string"
              },
              {
                "name": "TimeGenerated",
                "type": "datetime"
              }
            ],
            "rows": [
              [
                "Fabrikam",
                "33446677a",
                "2018-02-02T15:03:12.18Z"
              ],
              [
                "Contoso",
                "33445566b",
                "2018-02-02T15:16:53.932Z"
              ]
            ]
          }
        ]
      },
      "dataSources": [
        {
          "resourceId": "/subscriptions/a5ea55e2-7482-49ba-90b3-60e7496dd873/resourcegroups/test/providers/microsoft.operationalinsights/workspaces/test",
          "tables": [
            "Heartbeat"
          ]
        }
      ],
      "IncludedSearchResults": "True",
      "AlertType": "Metric measurement"
    }
  }
}