{
  "schemaId": "azureMonitorCommonAlertSchema",
  "data": {
    "essentials": {
      "alertId": "/subscriptions/fca564c9-6b4e-4ece-87db-49cba4e01a9f/providers/Microsoft.AlertsManagement/alerts/1a8eea7a-b44d-411c-8480-7308105ba5d5",
      "alertRule": "Alert_When_Max_PodCount_Exceeds",
      "severity": "Sev3",
      "signalType": "Metric",
      "monitorCondition": "Fired",
      "monitoringService": "Platform",
      "alertTargetIDs": [
        "/subscriptions/fca564c9-6b4e-4ece-87db-49cba4e01a9f/resourcegroups/rg-stefank8s-test/providers/microsoft.containerservice/managedclusters/aks-stefank8s-test"
      ],
      "configurationItems": [
        "aks-stefank8s-test"
      ],
      "originAlertId": "fca564c9-6b4e-4ece-87db-49cba4e01a9f_rg-stefank8s-test_microsoft.insights_metricalerts_Alert_When_Max_PodCount_Exceeds_-1393736056",
      "firedDateTime": "2021-10-25T07:59:39.2779884Z",
      "description": "Alert_When_Max_PodCount_Exceeds",
      "essentialsVersion": "1.0",
      "alertContextVersion": "1.0"
    },
    "alertContext": {
      "properties": null,
      "conditionType": "SingleResourceMultipleMetricCriteria",
      "condition": {
        "windowSize": "PT1M",
        "allOf": [
          {
            "metricName": "podCount",
            "metricNamespace": "insights.container/pods",
            "operator": "GreaterThan",
            "threshold": "70",
            "timeAggregation": "Average",
            "dimensions": [],
            "metricValue": 71,
            "webTestName": null
          },
          {
            "metricName": "podCount",
            "metricNamespace": "insights.container/pods",
            "operator": "GreaterThan",
            "threshold": "70",
            "timeAggregation": "Average",
            "dimensions": [],
            "metricValue": 72,
            "webTestName": null
          },
          {
            "metricName": "podCount",
            "metricNamespace": "insights.container/pods",
            "operator": "GreaterThan",
            "threshold": "70",
            "timeAggregation": "Average",
            "dimensions": [],
            "metricValue": 73,
            "webTestName": null
          },
          {
            "metricName": "podCount",
            "metricNamespace": "insights.container/pods",
            "operator": "GreaterThan",
            "threshold": "70",
            "timeAggregation": "Average",
            "dimensions": [],
            "metricValue": 74,
            "webTestName": null
          }
        ],
        "windowStartTime": "2021-10-25T07:55:29.312Z",
        "windowEndTime": "2021-10-25T07:56:29.312Z"
      }
    }
  }
}