{
  "schemaId": "azureMonitorCommonAlertSchema",
  "data": {
    "essentials": {
      "alertId": "/subscriptions/fca564c9-6b4e-4ece-87db-49cba4e01a9f/providers/Microsoft.AlertsManagement/alerts/aa72b86e-1927-4a8d-b297-2b69f6e903e1",
      "alertRule": "Alert_When_Max_PodCount_Exceeds",
      "severity": "Sev3",
      "signalType": "Metric",
      "monitorCondition": "Resolved",
      "monitoringService": "Platform",
      "alertTargetIDs": [
        "/subscriptions/fca564c9-6b4e-4ece-87db-49cba4e01a9f/resourcegroups/rg-stefank8s-test/providers/microsoft.containerservice/managedclusters/aks-stefank8s-test"
      ],
      "configurationItems": [
        "aks-stefank8s-test"
      ],
      "originAlertId": "fca564c9-6b4e-4ece-87db-49cba4e01a9f_rg-stefank8s-test_microsoft.insights_metricalerts_Alert_When_Max_PodCount_Exceeds_-1393736056",
      "firedDateTime": "2021-10-25T14:18:02.9315385Z",
      "resolvedDateTime": "2021-10-25T17:35:08.5898252Z",
      "description": "Alert_When_Max_PodCount_Exceeds",
      "essentialsVersion": "1.0",
      "alertContextVersion": "1.0"
    },
    "alertContext": {
      "properties": null,
      "conditionType": "SingleResourceMultipleMetricCriteria",
      "condition": {
        "windowSize": "PT1M",
        "allOf": [
          {
            "metricName": "podCount",
            "metricNamespace": "insights.container/pods",
            "operator": "GreaterThan",
            "threshold": "70",
            "timeAggregation": "Maximum",
            "dimensions": [],
            "metricValue": 61,
            "webTestName": null
          }
        ],
        "windowStartTime": "2021-10-25T17:30:55.726Z",
        "windowEndTime": "2021-10-25T17:31:55.726Z"
      }
    }
  }
}
